01, 吉安县,84.98785425101215
01,丁青,-72.61065573770492
01,万源,50.437209302325584
01,三穗,46.08372093023256
01,上川岛,173.90650406504065
01,东乌珠穆沁,-184.24696356275302
01,东兴区,82.8232558139535
01,东台,36.502024291497975
01,东方,215.61632653061224
01,东胜,-62.81781376518219
01,中宁,-30.276497695852534
01,丰宁,-90.08796296296296
01,临江,-151.52631578947367
01,临沧,110.01619433198381
01,临河,-75.2753036437247
01,丹东,-57.50813008130081
01,丽水,87.09756097560975
01,丽江,66.6639344262295
01,乌拉特中旗,-103.38683127572017
01,乌鞘岭,-88.56221198156682
01,乐亭,-24.36842105263158
01,九仙山,63.06018518518518
01,九龙,19.721311475409838
01,二连浩特,-158.65587044534414
01,五台山,-100.06477732793522
01,五道梁,-170.13425925925927
01,亳州,28.31174089068826
01,介休,-10.52073732718894
01,伊春,-219.68145161290323
01,会泽,63.78703703703704
01,会理,108.36111111111111
01,佛冈,140.5581395348837
01,保定,-24.00925925925926
01,保山,94.73953488372094
01,信宜,167.96747967479675
01,信阳,35.044534412955464
01,修水,65.48611111111111
01,儋州,203.91836734693877
01,元江,179.45581395348836
01,克山,-208.94907407407408
01,克拉玛依,-115.05668016194332
01,兖州,17.921296296296298
01,兴仁,78.31967213114754
01,冷湖,-106.8048780487805
01,凤翔,7.078703703703703
01,前郭,-160.14574898785426
01,勐腊,177.70232558139534
01,化德,-128.45528455284554
01,北京,-25.20323014804845
01,北海,162.36032388663966
01,华家岭,-59.26851851851852
01,华山,-39.763888888888886
01,南京,47.69892473118279
01,南城,78.55555555555556
01,南宁,133.95698924731184
01,南岳,14.078703703703704
01,南昌,72.32793522267207
01,南阳,23.125506072874494
01,原平,-34.24074074074074
01,厦门,152.18548387096774
01,台中市,157.86197564276048
01,台南,177.75675675675674
01,合作,-87.1417004048583
01,合肥,54.8675184936113
01,吐鲁番,-54.21862348178138
01,吕泗,53.392712550607285
01,呼和浩特,-86.74462365591398
01,呼玛,-253.93522267206478
01,和布克赛尔,-110.02429149797571
01,和田,-14.45748987854251
01,哈密,-75.41935483870968
01,哈尔滨,-184.50607287449392
01,哈巴河,-94.94444444444444
01,唐山,-34.68981481481482
01,喀什,-32.689516129032256
01,四平,-128.55555555555554
01,围场,-117.16589861751152
01,固始,38.89302325581395
01,图里河,-266.93522267206475
01,塔中,-98.2827868852459
01,塔城,-53.74596774193548
01,多伦县,-144.42914979757086
01,大同,-90.54377880184332
01,大理,89.66666666666667
01,大连,-33.009408602150536
01,大陈,88.47773279352226
01,天津,-17.511458333333334
01,太原,-27.969044414535666
01,奉节,83.49074074074075
01,威宁,39.32786885245902
01,嫩江,-233.28455284552845
01,孙吴,-219.1889400921659
01,孟津,11.488479262672811
01,安康,49.60245901639344
01,安达,-179.21296296296296
01,安阳,5.3657407407407405
01,定日,-72.20081967213115
01,定海,76.58704453441295
01,定陶,13.875
01,宜宾,83.35627530364373
01,宜昌,46.96761133603239
01,宜春,72.39351851851852
01,宝国吐,-100.55555555555556
01,宝山,62.76113360323887
01,宝清,-184.36574074074073
01,宽甸,-91.92626728110599
01,富蕴,-133.2834008097166
01,富锦,-197.33198380566802
01,寻乌,118.81944444444444
01,射阳,28.655870445344128
01,小二沟,-223.53456221198158
01,尚志,-181.34722222222223
01,岳阳,59.648148148148145
01,峨眉山,-46.883720930232556
01,崆峒,-28.518218623481783
01,嵊州,65.08536585365853
01,嵊泗,75.03643724696356
01,巴塘,41.549180327868854
01,巴林左旗,-111.17813765182186
01,巴音布鲁克,-190.44444444444446
01,常德,48.68016194331984
01,平潭,121.76016260162602
01,广南,105.82790697674419
01,广州,110.40013449899126
01,广昌,87.47222222222223
01,庐山,15.944444444444445
01,库尔勒,-63.08906882591093
01,康定,-9.976635514018692
01,延吉,-118.2753036437247
01,张家口,-73.96356275303644
01,张掖,-70.41295546558705
01,彰武,-100.54878048780488
01,徐家汇,67.83602150537635
01,徐州,23.951417004048583
01,德格,-32.21395348837209
01,德钦,-22.06477732793522
01,怀来,-56.31797235023041
01,思南,57.46976744186046
01,思茅,141.49797570850203
01,恩施,64.61943319838056
01,惠民,-9.328703703703704
01,成山头,9.121457489878543
01,房县,34.39351851851852
01,扎鲁特,-108.4251012145749
01,打鼓岭,168.1902834008097
01,承德,-74.0
01,敦化,-151.4398148148148
01,新巴尔虎右旗,-190.0931174089069
01,日照,15.497975708502024
01,昆明,90.26244952893674
01,昌都,-31.848360655737704
01,昭通,41.52558139534884
01,景德镇,74.63414634146342
01,曲麻莱,-147.92558139534884
01,朝阳,-80.3410138248848
01,本溪,-91.89861751152074
01,杂多,-113.73732718894009
01,杭州,65.54166666666667
01,松山,173.33333333333334
01,松潘,-33.753488372093024
01,林芝,16.679012345679013
01,林西县,-133.12442396313364
01,枣阳,35.657407407407405
01,柳州,94.34883720930233
01,格尔木,-70.6842105263158
01,桂林,92.22849462365592
01,桃园,168.8978494623656
01,桑植,56.958333333333336
01,桦甸,-164.3548387096774
01,梅县,149.46153846153845
01,梧州,135.2734693877551
01,榆中,-54.178137651821864
01,榆林,-45.479838709677416
01,榆社,-40.38139534883721
01,榕江,87.05581395348837
01,横栏岛,172.11336032388664
01,武夷山,101.56481481481481
01,武汉,143.72513440860214
01,武都,54.707317073170735
01,毕节,42.13953488372093
01,民勤,-55.41129032258065
01,永州,70.25910931174089
01,汉中,46.90725806451613
01,汕头,163.74327956989248
01,汕尾,168.3562753036437
01,江城,142.6435185185185
01,沂源,-3.716599190283401
01,沅陵,61.351851851851855
01,沈阳,-99.07063572149345
01,沙坪坝,89.93951612903226
01,沙田,175.71370967741936
01,沱沱河,-166.81376518218624
01,河南,-124.00460829493088
01,河曲,-66.64516129032258
01,河池,111.48582995951416
01,河源,151.84615384615384
01,泊头,-8.975806451612904
01,泰山,-63.31797235023041
01,泰来,-168.5787037037037
01,泸西,99.2046511627907
01,泾河,22.471774193548388
01,流浮山,171.65587044534414
01,济南,10.421052631578947
01,浦城,88.26851851851852
01,海伦,-234.01214574898785
01,海力素,-98.23076923076923
01,海口,201.0
01,海拉尔,-241.9919028340081
01,海阳,-1.319838056680162
01,淖毛湖,-79.98611111111111
01,淮安,25.57894736842105
01,深圳,175.88306451612902
01,淳安,69.15102040816326
01,清原,-136.50925925925927
01,温江,72.68825910931174
01,湛江,176.78048780487805
01,溧阳,52.573170731707314
01,满都拉气象站,-109.97975708502024
01,漠河,-269.5766129032258
01,漳平,142.8739837398374
01,潍坊,-0.7258064516129032
01,澜沧,148.92558139534884
01,澳门,174.31182795698925
01,爱辉,-218.76113360323887
01,牡丹江,-169.04435483870967
01,独山,56.29767441860465
01,狮泉河,-110.57786885245902
01,玉树,-87.4758064516129
01,玛多,-153.74285714285713
01,理塘,-48.97674418604651
01,琼海,211.45528455284554
01,瑞安,102.65587044534414
01,甘孜,-40.417004048582996
01,百色,142.72874493927125
01,皮山,-36.07373271889401
01,盐池,-52.53846153846154
01,盐湖,12.550607287449393
01,石浦,77.08130081300813
01,福州,123.53091397849462
01,福鼎,110.44715447154472
01,离石,-29.59259259259259
01,稻城,-37.56744186046512
01,精河,-119.4147465437788
01,绥芬河,-160.2962962962963
01,罗甸,109.6046511627907
01,老河口,30.587044534412957
01,耿马,132.1906976744186
01,腾冲,85.43319838056681
01,色达,-106.04186046511627
01,芜湖县,53.29302325581396
01,芷江,57.659919028340084
01,若尔盖,-73.26976744186047
01,荆州,49.541666666666664
01,莎车,-35.29959514170041
01,莘县,4.488479262672811
01,营口,-68.74493927125506
01,蒙山,106.07441860465116
01,蔚县,-71.92165898617512
01,虎林,-185.47222222222223
01,蚌埠,34.37246963562753
01,西乌珠穆沁,-183.3562753036437
01,西华,19.824074074074073
01,西宁,-49.036437246963565
01,西峰,-17.65437788018433
01,西昌,109.3195020746888
01,贵南,-97.34008097165992
01,贵阳,52.19489247311828
01,费县,11.874493927125506
01,赣县,18.17105263157895
01,赣榆,13.724696356275304
01,赤峰,-94.48987854251013
01,达川,76.84615384615384
01,达日,-129.21052631578948
01,达茂旗气象局,-111.3041474654378
01,连州,106.44651162790697
01,连平,125.08536585365853
01,通河,-202.83805668016194
01,通辽,-118.04453441295547
01,通道,65.22325581395349
01,道孚,-19.195348837209302
01,邢台,-5.548387096774194
01,那仁宝力格,-195.49537037037038
01,那坡,120.4
01,那曲,-124.11382113821138
01,邵武,96.26315789473684
01,郑州,14.336021505376344
01,郴州,61.88259109311741
01,都兰,-80.92712550607287
01,鄂托克旗,-73.10526315789474
01,酉阳,36.91769547325103
01,酒泉,-64.10090817356206
01,钟祥,39.53051643192488
01,钦州,141.70325203252034
01,铁干里克,-71.91093117408907
01,银川,-41.53629032258065
01,锡林浩特,-170.91935483870967
01,长岛,0.44907407407407407
01,长岭,-139.72350230414747
01,长春,-165.44519166106255
01,长汀,105.5691056910569
01,长沙,53.46153846153846
01,长洲,173.1048387096774
01,长白,-163.53703703703704
01,阆中,77.80465116279069
01,阜阳,35.68421052631579
01,阳城,-5.972350230414746
01,阳江,169.90283400809716
01,阿勒泰,-120.55465587044534
01,阿尔山,-223.59919028340082
01,阿巴嘎旗,-186.85425101214574
01,阿拉尔,-62.73271889400922
01,陵县,-4.516129032258065
01,集宁,-104.9074074074074
01,集安,-107.71296296296296
01,霍山,42.036437246963565
01,青岛,-1.4408602150537635
01,青龙,-58.60829493087557
01,韶关,118.69635627530364
01,香港,181.84543010752688
01,马尔康,-4.19672131147541
01,马鬃山,-94.04453441295547
01,驻马店,20.410138248847925
01,高坪,76.95951417004049
01,高要,154.8252032520325
01,高雄,204.26809210526315
01,鸡西,-159.0766129032258
01,麦积,7.523148148148148
01,麻城,52.65277777777778
01,黄山,-4.435185185185185
01,齐齐哈尔,-175.2258064516129
01,龙口,-8.983805668016194
02, 吉安县,65.17937219730942
02,丁青,-60.593607305936075
02,万源,50.031413612565444
02,三穗,32.324607329842934
02,上川岛,139.5610859728507
02,东乌珠穆沁,-166.81900452488688
02,东兴区,85.32124352331606
02,东台,38.50232558139535
02,东方,187.9865470852018
02,东胜,-66.33031674208145
02,中宁,-21.68717948717949
02,丰宁,-82.5618556701031
02,临江,-110.3963963963964
02,临沧,122.46606334841628
02,临河,-63.33181818181818
02,丹东,-47.40909090909091
02,丽水,68.02272727272727
02,丽江,67.47685185185185
02,乌拉特中旗,-97.56422018348624
02,乌鞘岭,-121.84615384615384
02,乐亭,-16.251121076233183
02,九仙山,51.046875
02,九龙,17.881278538812786
02,二连浩特,-179.9375
02,五台山,-118.49545454545455
02,五道梁,-163.5
02,亳州,43.351351351351354
02,介休,-2.358974358974359
02,伊春,-153.46396396396398
02,会泽,53.7979274611399
02,会理,105.67708333333333
02,佛冈,106.62694300518135
02,保定,-8.83419689119171
02,保山,95.75129533678756
02,信宜,133.47963800904978
02,信阳,51.91517857142857
02,修水,51.114583333333336
02,儋州,175.0316742081448
02,元江,171.4973821989529
02,克山,-159.25128205128206
02,克拉玛依,-117.22727272727273
02,兖州,28.692307692307693
02,兴仁,53.29223744292238
02,冷湖,-99.90625
02,凤翔,15.57948717948718
02,前郭,-124.00446428571429
02,勐腊,175.72538860103626
02,化德,-140.94570135746605
02,北京,-12.190760059612519
02,北海,124.41441441441441
02,华家岭,-76.7897435897436
02,华山,-49.241025641025644
02,南京,45.979166666666664
02,南城,60.705263157894734
02,南宁,103.57142857142857
02,南岳,-15.6875
02,南昌,59.567567567567565
02,南阳,39.99107142857143
02,原平,-29.50769230769231
02,厦门,132.21130952380952
02,台中市,146.09538002980625
02,台南,165.5820895522388
02,合作,-86.35909090909091
02,合肥,52.07675111773472
02,吐鲁番,14.22421524663677
02,吕泗,48.904545454545456
02,呼和浩特,-88.63690476190476
02,呼玛,-186.25
02,和布克赛尔,-104.01339285714286
02,和田,22.642533936651585
02,哈密,-29.53153153153153
02,哈尔滨,-134.57272727272726
02,哈巴河,-94.92820512820512
02,唐山,-26.35978835978836
02,喀什,7.586567164179105
02,四平,-101.38144329896907
02,围场,-114.7
02,固始,46.53333333333333
02,图里河,-233.03619909502262
02,塔中,-48.20814479638009
02,塔城,-59.585585585585584
02,多伦县,-154.69230769230768
02,大同,-92.81958762886597
02,大理,99.70984455958549
02,大连,-17.964285714285715
02,大陈,74.69058295964126
02,天津,-5.241618497109827
02,太原,-16.540983606557376
02,奉节,84.20725388601036
02,威宁,18.908675799086758
02,嫩江,-178.30357142857142
02,孙吴,-159.17525773195877
02,孟津,38.13846153846154
02,安康,59.780269058295964
02,安达,-137.91836734693877
02,安阳,30.46153846153846
02,定日,-61.34862385321101
02,定海,64.88340807174887
02,定陶,35.346846846846844
02,宜宾,78.04932735426009
02,宜昌,52.0045045045045
02,宜春,55.83419689119171
02,宝国吐,-79.6923076923077
02,宝山,57.5945945945946
02,宝清,-127.03076923076924
02,宽甸,-72.31958762886597
02,富蕴,-124.86607142857143
02,富锦,-142.73873873873873
02,寻乌,86.01036269430051
02,射阳,28.722727272727273
02,小二沟,-163.43814432989691
02,尚志,-131.15384615384616
02,岳阳,60.395833333333336
02,峨眉山,-72.84816753926701
02,崆峒,-27.036363636363635
02,嵊州,54.663636363636364
02,嵊泗,63.2914798206278
02,巴塘,59.20091324200913
02,巴林左旗,-98.97285067873302
02,巴音布鲁克,-215.64615384615385
02,常德,51.98190045248869
02,平潭,99.87782805429865
02,广南,83.03626943005182
02,广州,89.5517498138496
02,广昌,62.90575916230367
02,庐山,-9.535911602209945
02,库尔勒,-18.46875
02,康定,-22.958115183246072
02,延吉,-81.55855855855856
02,张家口,-70.85321100917432
02,张掖,-54.7
02,彰武,-71.0
02,徐家汇,61.65424739195231
02,徐州,38.0
02,德格,-18.124352331606218
02,德钦,-28.69506726457399
02,怀来,-46.32124352331606
02,思南,47.41237113402062
02,思茅,147.59276018099547
02,恩施,63.01809954751131
02,惠民,13.42051282051282
02,成山头,5.529411764705882
02,房县,40.538860103626945
02,扎鲁特,-81.82805429864253
02,打鼓岭,140.66666666666666
02,承德,-57.63470319634703
02,敦化,-115.34536082474227
02,新巴尔虎右旗,-161.05882352941177
02,日照,19.65765765765766
02,昆明,83.99255952380952
02,昌都,-13.821917808219178
02,昭通,26.88082901554404
02,景德镇,59.41891891891892
02,曲麻莱,-120.56410256410257
02,朝阳,-62.65128205128205
02,本溪,-67.44845360824742
02,杂多,-99.0051282051282
02,杭州,56.315946348733235
02,松山,163.39285714285714
02,松潘,-27.88082901554404
02,林芝,12.091324200913242
02,林西县,-129.20103092783506
02,枣阳,54.652849740932645
02,柳州,68.86528497409327
02,格尔木,-62.160714285714285
02,桂林,72.1860119047619
02,桃园,158.1547619047619
02,桑植,52.95336787564767
02,桦甸,-120.6974358974359
02,梅县,118.00450450450451
02,梧州,101.91928251121077
02,榆中,-48.20454545454545
02,榆林,-45.08108108108108
02,榆社,-34.1025641025641
02,榕江,68.14507772020725
02,横栏岛,144.71428571428572
02,武夷山,81.35416666666667
02,武汉,139.921875
02,武都,51.10909090909091
02,毕节,28.29015544041451
02,民勤,-43.472972972972975
02,永州,54.847533632286996
02,汉中,55.78378378378378
02,汕头,142.31696428571428
02,汕尾,143.65470852017938
02,江城,135.75647668393782
02,沂源,10.4304932735426
02,沅陵,51.729166666666664
02,沈阳,-74.93602693602693
02,沙坪坝,86.0922619047619
02,沙田,148.54017857142858
02,沱沱河,-150.71493212669682
02,河南,-106.40721649484536
02,河曲,-56.130630630630634
02,河池,89.11764705882354
02,河源,115.90134529147981
02,泊头,9.904977375565611
02,泰山,-64.34871794871795
02,泰来,-123.32820512820513
02,泸西,84.38860103626943
02,泾河,41.013513513513516
02,流浮山,140.50446428571428
02,济南,28.536363636363635
02,浦城,68.47916666666667
02,海伦,-178.77232142857142
02,海力素,-103.38461538461539
02,海口,172.56756756756758
02,海拉尔,-210.44343891402715
02,海阳,3.2690582959641254
02,淖毛湖,-42.61025641025641
02,淮安,35.050228310502284
02,深圳,142.06845238095238
02,淳安,51.95
02,清原,-104.63076923076923
02,温江,67.3108108108108
02,湛江,143.97285067873304
02,溧阳,48.2579185520362
02,满都拉气象站,-122.89140271493213
02,漠河,-212.86425339366517
02,漳平,121.08597285067873
02,潍坊,17.004504504504503
02,澜沧,158.5235602094241
02,澳门,140.85565476190476
02,爱辉,-154.54545454545453
02,牡丹江,-116.87387387387388
02,独山,34.68062827225131
02,狮泉河,-97.09132420091325
02,玉树,-70.34684684684684
02,玛多,-144.30316742081448
02,理塘,-39.424083769633505
02,琼海,185.8590909090909
02,瑞安,83.76470588235294
02,甘孜,-28.05829596412556
02,百色,117.53811659192826
02,皮山,5.170103092783505
02,盐池,-50.06334841628959
02,盐湖,35.013513513513516
02,石浦,63.913636363636364
02,福州,102.38095238095238
02,福鼎,91.2909090909091
02,离石,-22.54871794871795
02,稻城,-37.61658031088083
02,精河,-121.64948453608247
02,绥芬河,-118.32820512820513
02,罗甸,88.5440414507772
02,老河口,43.130630630630634
02,耿马,142.12953367875647
02,腾冲,85.6470588235294
02,色达,-85.84974093264249
02,芜湖县,47.7720207253886
02,芷江,45.07239819004525
02,若尔盖,-70.48167539267016
02,荆州,56.50777202072539
02,莎车,9.746606334841628
02,莘县,25.846153846153847
02,营口,-50.85454545454545
02,蒙山,78.58549222797927
02,蔚县,-67.16145833333333
02,虎林,-126.9025641025641
02,蚌埠,41.846846846846844
02,西乌珠穆沁,-174.10859728506787
02,西华,40.16494845360825
02,西宁,-53.90909090909091
02,西峰,-17.99484536082474
02,西昌,107.1651376146789
02,贵南,-93.15178571428571
02,贵阳,33.55357142857143
02,费县,26.684684684684683
02,赣县,26.974040632054177
02,赣榆,25.316742081447963
02,赤峰,-89.0909090909091
02,达川,79.4524886877828
02,达日,-112.52941176470588
02,达茂旗气象局,-118.65641025641025
02,连州,78.66839378238342
02,连平,89.96380090497738
02,通河,-154.71428571428572
02,通辽,-86.63392857142857
02,通道,45.38341968911917
02,道孚,1.471502590673575
02,邢台,19.10810810810811
02,那仁宝力格,-210.97435897435898
02,那坡,94.2279792746114
02,那曲,-112.87782805429865
02,邵武,72.80717488789237
02,郑州,41.71577380952381
02,郴州,42.11764705882353
02,都兰,-91.38392857142857
02,鄂托克旗,-75.02714932126698
02,酉阳,26.30909090909091
02,酒泉,-57.403587443946186
02,钟祥,52.682291666666664
02,钦州,109.52272727272727
02,铁干里克,-22.90950226244344
02,银川,-32.450450450450454
02,锡林浩特,-179.22972972972974
02,长岛,5.123076923076923
02,长岭,-105.5618556701031
02,长春,-123.30677587490692
02,长汀,78.08181818181818
02,长沙,46.049549549549546
02,长洲,144.77232142857142
02,长白,-128.29896907216494
02,阆中,79.39267015706807
02,阜阳,45.79185520361991
02,阳城,9.502564102564103
02,阳江,136.38116591928252
02,阿勒泰,-118.91363636363636
02,阿尔山,-206.41176470588235
02,阿巴嘎旗,-203.7556561085973
02,阿拉尔,-19.343589743589742
02,陵县,12.639175257731958
02,集宁,-105.3025641025641
02,集安,-80.00515463917526
02,霍山,41.95475113122172
02,青岛,8.026785714285714
02,青龙,-44.828125
02,韶关,88.6457399103139
02,香港,149.8125
02,马尔康,14.689497716894977
02,马鬃山,-94.76470588235294
02,驻马店,42.20103092783505
02,高坪,78.67420814479638
02,高要,121.76018099547511
02,高雄,198.33333333333334
02,鸡西,-112.53125
02,麦积,10.733333333333333
02,麻城,55.40414507772021
02,黄山,-30.911458333333332
02,齐齐哈尔,-133.12272727272727
02,龙口,5.142857142857143
03, 吉安县,170.3790322580645
03,丁青,25.42914979757085
03,万源,143.0093023255814
03,三穗,141.06976744186048
03,上川岛,211.7622950819672
03,东乌珠穆沁,-37.635627530364374
03,东兴区,180.25806451612902
03,东台,111.41532258064517
03,东方,249.94354838709677
03,东胜,50.60323886639676
03,中宁,105.7926267281106
03,丰宁,19.036866359447004
03,临江,5.625
03,临沧,180.43951612903226
03,临河,56.979838709677416
03,丹东,42.725806451612904
03,丽水,160.73877551020408
03,丽江,147.39271255060729
03,乌拉特中旗,28.37651821862348
03,乌鞘岭,-3.824884792626728
03,乐亭,61.48790322580645
03,九仙山,119.7953488372093
03,九龙,94.05668016194332
03,二连浩特,-0.8870967741935484
03,五台山,-13.82258064516129
03,五道梁,-59.354838709677416
03,亳州,123.97983870967742
03,介休,95.63594470046083
03,伊春,-33.45967741935484
03,会泽,145.92523364485982
03,会理,190.17209302325583
03,佛冈,204.33179723502303
03,保定,81.93488372093023
03,保山,161.963133640553
03,信宜,222.81147540983608
03,信阳,135.75
03,修水,148.90697674418604
03,儋州,244.36475409836066
03,元江,245.69767441860466
03,克山,-38.105990783410135
03,克拉玛依,43.04032258064516
03,兖州,112.3594470046083
03,兴仁,168.07287449392712
03,冷湖,17.6260162601626
03,凤翔,110.63133640552995
03,前郭,-2.2550607287449393
03,勐腊,235.65437788018434
03,化德,-10.910931174089068
03,北京,71.16194331983806
03,北海,218.2459677419355
03,华家岭,40.69124423963134
03,华山,57.22119815668203
03,南京,134.88663967611336
03,南城,163.1860465116279
03,南宁,209.32118758434547
03,南岳,108.04651162790698
03,南昌,158.96370967741936
03,南阳,124.75
03,原平,71.9815668202765
03,厦门,186.96486486486486
03,台中市,192.0189701897019
03,台南,216.30790190735695
03,合作,27.736842105263158
03,合肥,131.92167454422687
03,吐鲁番,140.33064516129033
03,吕泗,112.54838709677419
03,呼和浩特,34.460916442048514
03,呼玛,-72.12955465587045
03,和布克赛尔,-17.116935483870968
03,和田,140.72874493927125
03,哈密,80.30645161290323
03,哈尔滨,-9.421052631578947
03,哈巴河,-2.456221198156682
03,唐山,63.72811059907834
03,喀什,121.34278002699055
03,四平,5.497695852534562
03,围场,-5.032258064516129
03,固始,136.65898617511522
03,图里河,-102.38056680161944
03,塔中,100.68951612903226
03,塔城,23.717741935483872
03,多伦县,-19.74493927125506
03,大同,30.8110599078341
03,大理,157.72429906542055
03,大连,53.35357624831309
03,大陈,131.52822580645162
03,天津,77.14733542319749
03,太原,78.13495276653171
03,奉节,160.6728971962617
03,威宁,123.42105263157895
03,嫩江,-41.185483870967744
03,孙吴,-45.89861751152074
03,孟津,117.8110599078341
03,安康,142.15322580645162
03,安达,-11.525345622119815
03,安阳,107.3594470046083
03,定日,19.356275303643724
03,定海,128.78629032258064
03,定陶,110.9475806451613
03,宜宾,182.6048387096774
03,宜昌,139.21370967741936
03,宜春,158.24766355140187
03,宝国吐,19.502304147465438
03,宝山,130.22177419354838
03,宝清,-19.368663594470046
03,宽甸,28.483870967741936
03,富蕴,-14.451612903225806
03,富锦,-39.53629032258065
03,寻乌,186.7710280373832
03,射阳,93.79352226720648
03,小二沟,-34.013824884792626
03,尚志,-13.829493087557603
03,岳阳,151.8046511627907
03,峨眉山,41.627906976744185
03,崆峒,86.03225806451613
03,嵊州,144.40816326530611
03,嵊泗,120.65725806451613
03,巴塘,136.91902834008098
03,巴林左旗,3.5182186234817814
03,巴音布鲁克,-52.91244239631337
03,常德,143.13306451612902
03,平潭,160.2295081967213
03,广南,190.61751152073734
03,广州,185.66171505739365
03,广昌,169.87203791469193
03,庐山,103.99532710280374
03,库尔勒,92.26612903225806
03,康定,85.43720930232558
03,延吉,10.818548387096774
03,张家口,34.33870967741935
03,张掖,68.84274193548387
03,彰武,22.471774193548388
03,徐家汇,137.52702702702703
03,徐州,118.22983870967742
03,德格,64.47926267281106
03,德钦,49.778225806451616
03,怀来,50.62672811059908
03,思南,151.7373271889401
03,思茅,204.99193548387098
03,恩施,141.54435483870967
03,惠民,94.06451612903226
03,成山头,51.39676113360324
03,房县,126.5233644859813
03,扎鲁特,11.902834008097166
03,打鼓岭,212.67741935483872
03,承德,38.92338709677419
03,敦化,-13.40552995391705
03,新巴尔虎右旗,-49.963562753036435
03,日照,81.39676113360323
03,昆明,163.52226720647772
03,昌都,69.88663967611336
03,昭通,133.70967741935485
03,景德镇,155.35887096774192
03,曲麻莱,-19.981566820276498
03,朝阳,45.74193548387097
03,本溪,33.70967741935484
03,杂多,2.304147465437788
03,杭州,146.9068825910931
03,松山,209.32432432432432
03,松潘,54.354838709677416
03,林芝,91.57894736842105
03,林西县,-8.451612903225806
03,枣阳,139.70560747663552
03,柳州,183.49769585253455
03,格尔木,57.21774193548387
03,桂林,177.53306342780027
03,桃园,198.97297297297297
03,桑植,137.0981308411215
03,桦甸,0.4976958525345622
03,梅县,205.91532258064515
03,梧州,209.10887096774192
03,榆中,76.40322580645162
03,榆林,78.1975806451613
03,榆社,64.8110599078341
03,榕江,175.625
03,横栏岛,196.55465587044534
03,武夷山,168.03255813953487
03,武汉,203.2818610923803
03,武都,150.3991935483871
03,毕节,142.69302325581396
03,民勤,84.13306451612904
03,永州,167.95564516129033
03,汉中,133.2983870967742
03,汕头,201.76486486486488
03,汕尾,206.74193548387098
03,江城,198.7196261682243
03,沂源,91.27935222672065
03,沅陵,144.49302325581397
03,沈阳,30.152834008097166
03,沙坪坝,181.41184387617767
03,沙田,215.8508064516129
03,沱沱河,-43.75303643724696
03,河南,1.576036866359447
03,河曲,67.33064516129032
03,河池,193.50202429149797
03,河源,213.8790322580645
03,泊头,91.83064516129032
03,泰山,25.027649769585253
03,泰来,-3.80184331797235
03,泸西,170.7004608294931
03,泾河,134.375
03,流浮山,211.4516129032258
03,济南,108.10483870967742
03,浦城,160.13953488372093
03,海伦,-39.00403225806452
03,海力素,27.700404858299596
03,海口,238.6451612903226
03,海拉尔,-80.23886639676114
03,海阳,70.61943319838056
03,淖毛湖,75.3594470046083
03,淮安,108.87096774193549
03,深圳,214.71891891891892
03,淳安,141.39183673469387
03,清原,11.543778801843319
03,温江,161.5241935483871
03,湛江,217.93852459016392
03,溧阳,134.72540983606558
03,满都拉气象站,18.6869918699187
03,漠河,-94.17338709677419
03,漳平,195.35245901639345
03,潍坊,88.71774193548387
03,澜沧,211.3953488372093
03,澳门,207.14844804318489
03,爱辉,-47.71370967741935
03,牡丹江,-6.044354838709677
03,独山,146.59907834101384
03,狮泉河,-9.530364372469636
03,玉树,20.344129554655872
03,玛多,-38.469635627530366
03,理塘,36.52803738317757
03,琼海,242.80408163265307
03,瑞安,151.45564516129033
03,甘孜,52.99595141700405
03,百色,216.7540322580645
03,皮山,124.52995391705069
03,盐池,82.93522267206478
03,盐湖,125.99193548387096
03,石浦,130.88571428571427
03,福州,166.07951482479785
03,福鼎,161.40408163265306
03,离石,84.9815668202765
03,稻城,46.87906976744186
03,精河,42.26728110599078
03,绥芬河,-21.52073732718894
03,罗甸,200.46082949308754
03,老河口,124.06451612903226
03,耿马,207.6635944700461
03,腾冲,152.03629032258064
03,色达,-5.668202764976958
03,芜湖县,142.7373271889401
03,芷江,146.7983870967742
03,若尔盖,22.302325581395348
03,荆州,144.85116279069769
03,莎车,123.81781376518218
03,莘县,105.02304147465438
03,营口,38.725806451612904
03,蒙山,190.08755760368663
03,蔚县,45.96774193548387
03,虎林,-20.317972350230416
03,蚌埠,125.84677419354838
03,西乌珠穆沁,-39.92307692307692
03,西华,115.24884792626727
03,西宁,64.31451612903226
03,西峰,92.45622119815668
03,西昌,194.45967741935485
03,贵南,30.673387096774192
03,贵阳,149.3234501347709
03,费县,104.97165991902834
03,赣县,119.80329557157569
03,赣榆,92.43145161290323
03,赤峰,16.572580645161292
03,达川,165.7983870967742
03,达日,-15.518218623481781
03,达茂旗气象局,15.820276497695852
03,连州,189.53917050691246
03,连平,187.74180327868854
03,通河,-26.387096774193548
03,通辽,15.57258064516129
03,通道,156.55299539170508
03,道孚,74.60185185185185
03,邢台,101.8508064516129
03,那仁宝力格,-46.21198156682028
03,那坡,184.7926267281106
03,那曲,-18.16532258064516
03,邵武,165.58870967741936
03,郑州,118.19137466307278
03,郴州,162.89112903225808
03,都兰,34.225806451612904
03,鄂托克旗,56.64777327935223
03,酉阳,123.03238866396761
03,酒泉,65.22020202020202
03,钟祥,137.93488372093023
03,钦州,210.3469387755102
03,铁干里克,103.32793522267207
03,银川,94.57661290322581
03,锡林浩特,-23.821862348178136
03,长岛,63.3963133640553
03,长岭,2.3686635944700463
03,长春,-6.857239057239057
03,长汀,178.5061224489796
03,长沙,148.25
03,长洲,202.53363228699553
03,长白,-9.037209302325582
03,阆中,172.52558139534884
03,阜阳,128.57258064516128
03,阳城,96.03225806451613
03,阳江,213.7298387096774
03,阿勒泰,-10.536290322580646
03,阿尔山,-87.67206477732793
03,阿巴嘎旗,-34.74493927125506
03,阿拉尔,100.3410138248848
03,陵县,93.3225806451613
03,集宁,11.861751152073733
03,集安,30.31336405529954
03,霍山,138.44354838709677
03,青岛,76.18243243243244
03,青龙,49.15668202764977
03,韶关,192.08467741935485
03,香港,222.4043126684636
03,马尔康,81.92276422764228
03,马鬃山,15.360323886639677
03,驻马店,122.72811059907833
03,高坪,172.71370967741936
03,高要,214.46502057613168
03,高雄,238.81327800829877
03,鸡西,-11.056451612903226
03,麦积,119.00921658986175
03,麻城,147.2710280373832
03,黄山,68.86854460093896
03,齐齐哈尔,-9.758064516129032
03,龙口,73.47177419354838
04, 吉安县,200.0253164556962
04,丁青,48.259574468085106
04,万源,168.12135922330097
04,三穗,169.41747572815535
04,上川岛,228.53164556962025
04,东乌珠穆沁,61.14705882352941
04,东兴区,187.13793103448276
04,东台,160.72340425531914
04,东方,254.9367088607595
04,东胜,109.65822784810126
04,中宁,143.83084577114428
04,丰宁,110.91866028708134
04,临江,98.94142259414225
04,临沧,176.65367965367966
04,临河,118.93589743589743
04,丹东,108.95726495726495
04,丽水,186.17796610169492
04,丽江,136.73931623931625
04,乌拉特中旗,92.5672268907563
04,乌鞘岭,22.448275862068964
04,乐亭,143.08823529411765
04,九仙山,123.83253588516746
04,九龙,91.21702127659574
04,二连浩特,87.8125
04,五台山,52.427350427350426
04,五道梁,-40.17142857142857
04,亳州,183.0811965811966
04,介休,160.82089552238807
04,伊春,60.042194092827
04,会泽,129.4777777777778
04,会理,169.87765957446808
04,佛冈,216.13300492610838
04,保定,158.67464114832535
04,保山,169.92118226600985
04,信宜,229.8649789029536
04,信阳,190.390756302521
04,修水,185.76076555023923
04,儋州,246.7594936708861
04,元江,248.37864077669903
04,克山,55.100478468899524
04,克拉玛依,156.8793103448276
04,兖州,175.5311004784689
04,兴仁,165.01276595744682
04,冷湖,49.71848739495798
04,凤翔,146.2822966507177
04,前郭,97.34453781512605
04,勐腊,234.7832512315271
04,化德,65.77339901477832
04,北京,159.77576601671308
04,北海,227.56410256410257
04,华家岭,63.86666666666667
04,华山,88.80861244019138
04,南京,176.02785515320335
04,南城,191.0956937799043
04,南宁,221.59693165969315
04,南岳,126.5978835978836
04,南昌,193.8468085106383
04,南阳,178.46638655462183
04,原平,147.31553398058253
04,厦门,213.302649930265
04,台中市,214.57746478873239
04,台南,235.81690140845072
04,合作,43.84239130434783
04,合肥,172.7186843946816
04,吐鲁番,227.25751072961373
04,吕泗,154.45378151260505
04,呼和浩特,105.03776223776224
04,呼玛,31.915966386554622
04,和布克赛尔,80.74369747899159
04,和田,202.81512605042016
04,哈密,160.43514644351464
04,哈尔滨,89.49356223175965
04,哈巴河,111.54945054945055
04,唐山,152.8047619047619
04,喀什,195.01536312849163
04,四平,110.13658536585366
04,围场,87.20975609756097
04,固始,186.95693779904306
04,图里河,-1.5756302521008403
04,塔中,173.390756302521
04,塔城,137.38912133891213
04,多伦县,72.59243697478992
04,大同,110.73170731707317
04,大理,159.14832535885168
04,大连,127.08066759388039
04,大陈,160.57563025210084
04,天津,165.73434125269978
04,太原,145.59610027855155
04,奉节,192.45454545454547
04,威宁,111.82051282051282
04,嫩江,49.48739495798319
04,孙吴,47.24390243902439
04,孟津,179.0497512437811
04,安康,181.56302521008402
04,安达,82.48803827751196
04,安阳,175.41148325358853
04,定日,56.97844827586207
04,定海,162.7058823529412
04,定陶,169.2133891213389
04,宜宾,186.21848739495798
04,宜昌,181.68510638297872
04,宜春,189.17224880382776
04,宝国吐,122.65714285714286
04,宝山,169.87179487179486
04,宝清,80.81904761904762
04,宽甸,109.11764705882354
04,富蕴,105.11344537815125
04,富锦,65.53138075313808
04,寻乌,199.32596685082873
04,射阳,141.7391304347826
04,小二沟,47.77450980392157
04,尚志,87.8133971291866
04,岳阳,197.2775119617225
04,峨眉山,38.14563106796116
04,崆峒,119.3177966101695
04,嵊州,178.9915611814346
04,嵊泗,155.43459915611814
04,巴塘,134.94387755102042
04,巴林左旗,106.89915966386555
04,巴音布鲁克,33.957142857142856
04,常德,187.67965367965368
04,平潭,190.44725738396625
04,广南,185.67980295566502
04,广州,214.14814814814815
04,广昌,189.3653846153846
04,庐山,130.98564593301435
04,库尔勒,172.31932773109244
04,康定,81.10679611650485
04,延吉,100.90336134453781
04,张家口,125.08547008547009
04,张掖,123.50638297872341
04,彰武,117.5546218487395
04,徐家汇,175.71827057182705
04,徐州,179.52742616033754
04,德格,74.6847290640394
04,德钦,53.168067226890756
04,怀来,136.37
04,思南,171.86702127659575
04,思茅,199.52380952380952
04,恩施,180.5194805194805
04,惠民,164.52153110047846
04,成山头,101.66386554621849
04,房县,169.42105263157896
04,扎鲁特,115.5126050420168
04,打鼓岭,231.58050847457628
04,承德,133.9246861924686
04,敦化,90.20098039215686
04,新巴尔虎右旗,43.34453781512605
04,日照,141.78540772532187
04,昆明,152.43871866295265
04,昌都,80.8931623931624
04,昭通,129.22660098522167
04,景德镇,185.8048780487805
04,曲麻莱,-1.16
04,朝阳,143.19553072625698
04,本溪,129.30731707317074
04,杂多,30.48587570621469
04,杭州,181.98467966573816
04,松山,223.64902506963787
04,松潘,62.73399014778325
04,林芝,104.19658119658119
04,林西县,90.34146341463415
04,枣阳,193.2775119617225
04,柳州,203.34975369458127
04,格尔木,80.1470588235294
04,桂林,200.18384401114207
04,桃园,220.97357440890124
04,桑植,180.41626794258374
04,桦甸,98.74626865671642
04,梅县,220.92735042735043
04,梧州,218.99579831932772
04,榆中,107.14102564102564
04,榆林,130.35564853556485
04,榆社,125.0952380952381
04,榕江,195.69950738916256
04,横栏岛,209.62295081967213
04,武夷山,185.6555023923445
04,武汉,228.55493351994403
04,武都,163.03418803418805
04,毕节,141.96601941747574
04,民勤,130.02510460251045
04,永州,193.2310924369748
04,汉中,174.51882845188285
04,汕头,224.72942817294282
04,汕尾,228.05042016806723
04,江城,194.76076555023923
04,沂源,160.94759825327512
04,沅陵,185.688995215311
04,沈阳,128.22082018927443
04,沙坪坝,194.51046025104603
04,沙田,234.57563025210084
04,沱沱河,-19.19747899159664
04,河南,19.721951219512196
04,河曲,131.163179916318
04,河池,212.77056277056278
04,河源,226.7563025210084
04,泊头,169.5020920502092
04,泰山,79.60335195530726
04,泰来,89.61650485436893
04,泸西,164.99014778325125
04,泾河,181.30962343096235
04,流浮山,230.26050420168067
04,济南,177.46153846153845
04,浦城,178.45454545454547
04,海伦,58.64705882352941
04,海力素,88.19747899159664
04,海口,245.23829787234044
04,海拉尔,28.842553191489362
04,海阳,130.31578947368422
04,淖毛湖,162.40594059405942
04,淮安,162.46638655462183
04,深圳,234.4192200557103
04,淳安,175.26160337552741
04,清原,111.85238095238095
04,温江,175.45299145299145
04,湛江,225.43382352941177
04,溧阳,173.85593220338984
04,满都拉气象站,89.14285714285714
04,漠河,3.907949790794979
04,漳平,209.95192307692307
04,潍坊,161.28033472803347
04,澜沧,218.8640776699029
04,澳门,228.21448467966573
04,爱辉,45.65555555555556
04,牡丹江,96.14644351464435
04,独山,161.97536945812809
04,狮泉河,37.306382978723406
04,玉树,43.21757322175732
04,玛多,-20.71186440677966
04,理塘,43.46601941747573
04,琼海,248.10970464135022
04,瑞安,181.82051282051282
04,甘孜,61.85294117647059
04,百色,231.82439024390243
04,皮山,191.14146341463416
04,盐池,122.32352941176471
04,盐湖,176.30252100840337
04,石浦,159.66666666666666
04,福州,192.73463687150837
04,福鼎,187.43459915611814
04,离石,137.72222222222223
04,稻城,57.78835978835979
04,精河,163.34634146341463
04,绥芬河,78.38095238095238
04,罗甸,201.17733990147784
04,老河口,176.10256410256412
04,耿马,204.04787234042553
04,腾冲,160.25541125541125
04,色达,18.246305418719214
04,芜湖县,182.7536945812808
04,芷江,180.5930735930736
04,若尔盖,25.728155339805824
04,荆州,189.9375
04,莎车,188.8781512605042
04,莘县,165.0597014925373
04,营口,128.22222222222223
04,蒙山,203.39901477832512
04,蔚县,128.18407960199005
04,虎林,72.04761904761905
04,蚌埠,177.35164835164835
04,西乌珠穆沁,62.365546218487395
04,西华,176.11219512195123
04,西宁,85.6695278969957
04,西峰,129.7826086956522
04,西昌,176.08823529411765
04,贵南,49.95378151260504
04,贵阳,154.05307262569832
04,费县,171.25
04,赣县,176.4335812964931
04,赣榆,155.9102564102564
04,赤峰,117.97435897435898
04,达川,187.9157894736842
04,达日,6.78921568627451
04,达茂旗气象局,84.39303482587064
04,连州,200.82758620689654
04,连平,199.1404255319149
04,通河,75.71008403361344
04,通辽,120.5798319327731
04,通道,178.03940886699507
04,道孚,81.64532019704434
04,邢台,173.5774058577406
04,那仁宝力格,58.75714285714286
04,那坡,193.3152709359606
04,那曲,17.103896103896105
04,邵武,183.52941176470588
04,郑州,183.52793296089385
04,郴州,183.67965367965368
04,都兰,48.127962085308056
04,鄂托克旗,107.71008403361344
04,酉阳,152.93191489361703
04,酒泉,107.15400843881856
04,钟祥,185.5631067961165
04,钦州,224.48101265822785
04,铁干里克,171.2058823529412
04,银川,137.6344537815126
04,锡林浩特,75.8744769874477
04,长岛,131.4688995215311
04,长岭,103.86274509803921
04,长春,95.26993006993007
04,长汀,191.67932489451476
04,长沙,187.73931623931625
04,长洲,225.8093220338983
04,长白,72.0780487804878
04,阆中,185.53398058252426
04,阜阳,182.84415584415584
04,阳城,155.44776119402985
04,阳江,227.2310924369748
04,阿勒泰,104.87179487179488
04,阿尔山,20.73109243697479
04,阿巴嘎旗,66.26890756302521
04,阿拉尔,182.89673913043478
04,陵县,158.85853658536584
04,集宁,86.80861244019138
04,集安,115.1951219512195
04,霍山,179.25541125541125
04,青岛,134.99162011173183
04,青龙,141.115
04,韶关,205.9033613445378
04,香港,241.8342618384401
04,马尔康,88.85106382978724
04,马鬃山,76.81012658227849
04,驻马店,183.29268292682926
04,高坪,183.7965367965368
04,高要,227.8093220338983
04,高雄,252.30179028132991
04,鸡西,86.6344537815126
04,麦积,136.3009708737864
04,麻城,190.52631578947367
04,黄山,86.86602870813397
04,齐齐哈尔,77.99581589958159
04,龙口,146.36974789915968
05, 吉安县,217.70325203252034
05,丁青,88.39748953974896
05,万源,203.43333333333334
05,三穗,185.61428571428573
05,上川岛,248.22040816326532
05,东乌珠穆沁,121.13991769547324
05,东兴区,212.57435897435897
05,东台,204.18951612903226
05,东方,276.4089068825911
05,东胜,158.2603305785124
05,中宁,200.36574074074073
05,丰宁,159.70833333333334
05,临江,134.62753036437246
05,临沧,194.13114754098362
05,临河,176.4233870967742
05,丹东,152.875
05,丽水,201.6239316239316
05,丽江,165.43096234309624
05,乌拉特中旗,156.7396694214876
05,乌鞘岭,72.59722222222223
05,乐亭,196.13469387755103
05,九仙山,140.5615763546798
05,九龙,123.34309623430963
05,二连浩特,156.93529411764706
05,五台山,87.93145161290323
05,五道梁,13.61244019138756
05,亳州,221.33870967741936
05,介休,191.1712962962963
05,伊春,117.83870967741936
05,会泽,142.8476821192053
05,会理,185.03658536585365
05,佛冈,234.15384615384616
05,保定,200.29302325581395
05,保山,193.18974358974359
05,信宜,248.18367346938774
05,信阳,214.13061224489795
05,修水,206.79310344827587
05,儋州,256.5795918367347
05,元江,267.0285714285714
05,克山,128.61352657004832
05,克拉玛依,242.73790322580646
05,兖州,219.6
05,兴仁,176.93305439330544
05,冷湖,132.0737704918033
05,凤翔,186.88837209302326
05,前郭,161.92244897959185
05,勐腊,246.00515463917526
05,化德,134.17391304347825
05,北京,209.7587601078167
05,北海,254.01209677419354
05,华家岭,104.09661835748793
05,华山,127.50925925925925
05,南京,213.7719298245614
05,南城,211.3399014778325
05,南宁,239.44264507422403
05,南岳,148.61006289308176
05,南昌,213.84274193548387
05,南阳,209.34426229508196
05,原平,186.07906976744187
05,厦门,223.1064690026954
05,台中市,228.25850340136054
05,台南,251.75989085948157
05,合作,82.421768707483
05,合肥,206.8750844024308
05,吐鲁番,312.8709677419355
05,吕泗,194.12145748987854
05,呼和浩特,160.63378378378377
05,呼玛,111.84836065573771
05,和布克赛尔,171.74285714285713
05,和田,231.09053497942386
05,哈密,252.6209677419355
05,哈尔滨,149.67741935483872
05,哈巴河,198.57333333333332
05,唐山,205.10047846889952
05,喀什,216.87297297297297
05,四平,167.8190476190476
05,围场,135.7095238095238
05,固始,215.71495327102804
05,图里河,75.76446280991736
05,塔中,247.90725806451613
05,塔城,201.95564516129033
05,多伦县,119.46502057613169
05,大同,155.52631578947367
05,大理,180.84579439252337
05,大连,181.12280701754386
05,大陈,183.1740890688259
05,天津,220.32946145723338
05,太原,181.5943396226415
05,奉节,220.5981308411215
05,威宁,128.76666666666668
05,嫩江,122.10655737704919
05,孙吴,120.06666666666666
05,孟津,215.7037037037037
05,安康,210.68312757201647
05,安达,149.8935185185185
05,安阳,221.33023255813953
05,定日,90.50627615062761
05,定海,189.61133603238866
05,定陶,210.6451612903226
05,宜宾,206.49392712550608
05,宜昌,205.4959677419355
05,宜春,210.42056074766356
05,宝国吐,176.45714285714286
05,宝山,203.51209677419354
05,宝清,149.54066985645932
05,宽甸,149.33809523809524
05,富蕴,201.2
05,富锦,140.4758064516129
05,寻乌,220.17105263157896
05,射阳,188.38805970149255
05,小二沟,122.85645933014354
05,尚志,142.51627906976745
05,岳阳,214.69950738916256
05,峨眉山,62.34285714285714
05,崆峒,160.27822580645162
05,嵊州,199.27350427350427
05,嵊泗,184.2753036437247
05,巴塘,186.9
05,巴林左旗,161.76131687242798
05,巴音布鲁克,93.07177033492823
05,常德,203.75409836065575
05,平潭,198.4938775510204
05,广南,192.12307692307692
05,广州,230.04864864864865
05,广昌,213.02803738317758
05,庐山,157.52336448598132
05,库尔勒,248.13934426229508
05,康定,110.01904761904763
05,延吉,136.95141700404858
05,张家口,175.02822580645162
05,张掖,195.36290322580646
05,彰武,177.81632653061226
05,徐家汇,208.6081081081081
05,徐州,221.9349593495935
05,德格,111.1025641025641
05,德钦,101.7479674796748
05,怀来,193.71495327102804
05,思南,189.35761589403972
05,思茅,206.29918032786884
05,恩施,206.9139344262295
05,惠民,212.46976744186045
05,成山头,155.559670781893
05,房县,197.1448598130841
05,扎鲁特,171.45267489711935
05,打鼓岭,245.80327868852459
05,承德,178.834008097166
05,敦化,134.74761904761905
05,新巴尔虎右旗,131.8388429752066
05,日照,197.76763485477179
05,昆明,169.28167115902966
05,昌都,124.71428571428571
05,昭通,146.9128205128205
05,景德镇,211.39156626506025
05,曲麻莱,47.353488372093025
05,朝阳,198.12337662337663
05,本溪,170.97142857142856
05,杂多,72.44155844155844
05,杭州,210.88814016172506
05,松山,233.8700947225981
05,松潘,95.75897435897436
05,林芝,141.70464135021098
05,林西县,143.66190476190476
05,枣阳,221.62616822429908
05,柳州,212.27179487179487
05,格尔木,146.16734693877552
05,桂林,216.56815114709852
05,桃园,232.8783783783784
05,桑植,200.88317757009347
05,桦甸,150.93427230046947
05,梅县,232.7701612903226
05,梧州,238.5506072874494
05,榆中,151.16532258064515
05,榆林,180.1048387096774
05,榆社,159.2775119617225
05,榕江,211.2
05,武夷山,208.29064039408868
05,武汉,249.51351351351352
05,武都,197.5766129032258
05,毕节,161.30331753554503
05,民勤,189.375
05,永州,205.53658536585365
05,汉中,210.47177419354838
05,汕头,235.42375168690958
05,汕尾,241.99595141700405
05,江城,203.31308411214954
05,沂源,205.1255060728745
05,沅陵,199.98522167487684
05,沈阳,175.77327935222672
05,沙坪坝,218.85579514824798
05,沙田,250.68312757201647
05,沱沱河,26.88065843621399
05,河南,60.77142857142857
05,河曲,179.21774193548387
05,河池,223.81147540983608
05,河源,240.41295546558703
05,泊头,217.22267206477733
05,泰山,122.22368421052632
05,泰来,152.06976744186048
05,泸西,176.93333333333334
05,泾河,215.18951612903226
05,流浮山,244.35537190082644
05,济南,224.13768115942028
05,浦城,200.44827586206895
05,海伦,130.36475409836066
05,海力素,154.76446280991735
05,海口,261.0282258064516
05,海拉尔,115.31666666666666
05,海阳,185.2834008097166
05,淖毛湖,260.7741935483871
05,淮安,206.96341463414635
05,深圳,249.46963562753035
05,淳安,199.3034188034188
05,清原,149.2488038277512
05,温江,206.15725806451613
05,湛江,250.98837209302326
05,溧阳,213.01632653061225
05,满都拉气象站,155.10330578512398
05,漠河,85.95967741935483
05,漳平,220.50877192982455
05,潍坊,215.71370967741936
05,澜沧,235.7095238095238
05,澳门,246.37972972972972
05,爱辉,123.99253731343283
05,牡丹江,139.83870967741936
05,独山,176.82564102564103
05,狮泉河,85.43697478991596
05,玉树,87.63306451612904
05,玛多,32.11934156378601
05,理塘,89.45238095238095
05,琼海,262.6025641025641
05,瑞安,198.08870967741936
05,甘孜,111.05263157894737
05,百色,237.74846625766872
05,皮山,221.89523809523808
05,盐池,178.59504132231405
05,盐湖,210.93117408906883
05,石浦,181.15555555555557
05,福州,202.4872139973082
05,福鼎,201.75641025641025
05,离石,183.65131578947367
05,稻城,103.30263157894737
05,精河,236.76777251184834
05,绥芬河,119.77990430622009
05,罗甸,216.57435897435897
05,老河口,203.3709677419355
05,耿马,223.86666666666667
05,腾冲,180.55737704918033
05,色达,61.57435897435897
05,芜湖县,211.3948717948718
05,芷江,194.44262295081967
05,若尔盖,65.5
05,荆州,214.06896551724137
05,莎车,218.22314049586777
05,莘县,208.10185185185185
05,营口,176.625
05,蒙山,218.63076923076923
05,蔚县,173.0185185185185
05,虎林,143.39234449760767
05,蚌埠,211.61363636363637
05,西乌珠穆沁,110.32644628099173
05,西华,215.78095238095239
05,西宁,127.18951612903226
05,西峰,169.05714285714285
05,西昌,189.64489795918368
05,贵南,95.79183673469387
05,贵阳,173.95141700404858
05,费县,221.06703910614524
05,赣县,215.03462321792261
05,赣榆,215.47177419354838
05,赤峰,166.5
05,达川,219.61635220125785
05,达日,51.16770186335404
05,达茂旗气象局,146.625
05,连州,223.1846153846154
05,连平,221.00408163265305
05,通河,137.24897959183673
05,通辽,175.50409836065575
05,通道,195.25128205128206
05,道孚,124.23589743589744
05,邢台,218.89112903225808
05,那仁宝力格,128.17619047619047
05,那坡,202.2
05,那曲,52.82377049180328
05,邵武,207.34817813765181
05,郑州,224.5527027027027
05,郴州,200.13934426229508
05,都兰,108.8409090909091
05,鄂托克旗,163.4090909090909
05,酉阳,172.76569037656904
05,酒泉,160.88539553752537
05,钟祥,210.192118226601
05,钦州,242.9059829059829
05,铁干里克,253.34979423868313
05,银川,187.04032258064515
05,锡林浩特,129.56048387096774
05,长岛,185.92558139534884
05,长岭,167.76666666666668
05,长春,156.73766058147396
05,长汀,213.43589743589743
05,长沙,200.5766129032258
05,长洲,235.79012345679013
05,长白,114.34285714285714
05,阆中,218.73333333333332
05,阜阳,215.59426229508196
05,阳城,190.19444444444446
05,阳江,246.68825910931173
05,阿勒泰,200.30645161290323
05,阿尔山,83.43801652892562
05,阿巴嘎旗,127.59917355371901
05,阿拉尔,245.75316455696202
05,陵县,200.26190476190476
05,集宁,140.0139534883721
05,集安,148.52380952380952
05,霍山,209.56967213114754
05,青岛,193.2920592193809
05,青龙,185.375
05,韶关,225.13765182186233
05,香港,256.7206477732793
05,马尔康,128.18410041841005
05,马鬃山,160.74380165289256
05,驻马店,215.06190476190477
05,高坪,212.43852459016392
05,高要,244.4938775510204
05,高雄,263.5844370860927
05,鸡西,136.40983606557376
05,麦积,181.24074074074073
05,麻城,216.5467289719626
05,黄山,113.73762376237623
05,齐齐哈尔,141.92741935483872
05,龙口,203.28571428571428
06, 吉安县,275.5762711864407
06,丁青,120.02991452991454
06,万源,253.84653465346534
06,三穗,244.94059405940595
06,上川岛,283.04237288135596
06,东乌珠穆沁,190.05957446808512
06,东兴区,258.54545454545456
06,东台,269.91101694915255
06,东方,308.4618644067797
06,东胜,220.52564102564102
06,中宁,254.92156862745097
06,丰宁,207.33816425120773
06,临江,187.9957805907173
06,临沧,205.36170212765958
06,临河,234.16309012875536
06,丹东,204.1239316239316
06,丽水,257.87555555555554
06,丽江,185.7905982905983
06,乌拉特中旗,220.3787234042553
06,乌鞘岭,120.9219512195122
06,乐亭,235.78902953586498
06,九仙山,177.61421319796955
06,九龙,143.8760683760684
06,二连浩特,214.4311377245509
06,五台山,143.41276595744682
06,五道梁,44.82089552238806
06,亳州,300.5635593220339
06,介休,261.36764705882354
06,伊春,181.57383966244726
06,会泽,179.8125
06,会理,211.16447368421052
06,佛冈,270.67171717171715
06,保定,265.8009708737864
06,保山,210.21212121212122
06,信宜,274.2808510638298
06,信阳,288.52320675105483
06,修水,264.38461538461536
06,儋州,294.46610169491527
06,元江,282.8811881188119
06,克山,204.14427860696517
06,克拉玛依,277.48936170212767
06,兖州,287.6328502415459
06,兴仁,221.13247863247864
06,冷湖,167.49789029535864
06,凤翔,254.1014492753623
06,前郭,209.18859649122808
06,勐腊,256.26395939086296
06,化德,183.36774193548388
06,北京,254.75660639777468
06,北海,287.93220338983053
06,华家岭,156.645
06,华山,185.0048309178744
06,南京,276.8734353268428
06,南城,268.6666666666667
06,南宁,279.6856745479833
06,南岳,204.38
06,南昌,266.8771186440678
06,南阳,291.1054852320675
06,原平,249.09661835748793
06,厦门,270.91794158553546
06,台中市,269.231843575419
06,台南,281.1715481171548
06,合作,120.08196721311475
06,合肥,269.2164231036882
06,吐鲁番,347.6
06,吕泗,254.0
06,呼和浩特,224.6509040333797
06,呼玛,189.99574468085106
06,和布克赛尔,200.19409282700423
06,和田,261.63829787234044
06,哈密,284.1645569620253
06,哈尔滨,208.04255319148936
06,哈巴河,229.57894736842104
06,唐山,245.615
06,喀什,258.22701949860726
06,四平,206.70098039215685
06,围场,184.34313725490196
06,固始,284.42028985507244
06,图里河,144.59574468085106
06,塔中,277.9282700421941
06,塔城,235.70464135021098
06,多伦县,174.31196581196582
06,大同,218.66169154228857
06,大理,199.8439024390244
06,大连,210.33518776077887
06,大陈,230.15677966101694
06,天津,259.0010905125409
06,太原,254.42280945757997
06,奉节,277.7536231884058
06,威宁,167.98717948717947
06,嫩江,199.86919831223628
06,孙吴,196.2807881773399
06,孟津,291.6666666666667
06,安康,275.126582278481
06,安达,214.07246376811594
06,安阳,286.71014492753625
06,定日,128.0897435897436
06,定海,242.5084745762712
06,定陶,291.32067510548524
06,宜宾,249.44915254237287
06,宜昌,261.97033898305085
06,宜春,266.56310679611653
06,宝国吐,198.84263959390864
06,宝山,266.16101694915255
06,宝清,201.645
06,宽甸,199.09313725490196
06,富蕴,230.41772151898735
06,富锦,198.61181434599155
06,寻乌,256.51875
06,射阳,253.1206896551724
06,小二沟,196.7156862745098
06,尚志,202.0096618357488
06,岳阳,280.3333333333333
06,峨眉山,105.8955223880597
06,崆峒,210.01709401709402
06,嵊州,259.6666666666667
06,嵊泗,232.43162393162393
06,巴塘,197.8268156424581
06,巴林左旗,202.67659574468084
06,巴音布鲁克,114.085
06,常德,276.0042553191489
06,平潭,257.78389830508473
06,广南,239.58080808080808
06,广州,280.18789144050106
06,广昌,264.5485436893204
06,庐山,209.59223300970874
06,库尔勒,266.47679324894517
06,康定,140.26732673267327
06,延吉,174.19409282700423
06,张家口,223.4595744680851
06,张掖,229.53586497890296
06,彰武,212.08860759493672
06,徐家汇,267.4233983286908
06,徐州,292.75847457627117
06,德格,147.83333333333334
06,德钦,130.52542372881356
06,怀来,233.78817733990147
06,思南,242.95679012345678
06,思茅,215.05106382978724
06,恩施,262.8
06,惠民,265.9806763285024
06,成山头,184.3728813559322
06,房县,263.06796116504853
06,扎鲁特,209.7063829787234
06,打鼓岭,281.0840336134454
06,承德,220.9704641350211
06,敦化,171.7549019607843
06,新巴尔虎右旗,203.83829787234043
06,日照,226.48290598290598
06,昆明,192.30319888734354
06,昌都,155.24255319148935
06,昭通,185.41919191919192
06,景德镇,263.12820512820514
06,曲麻莱,82.04950495049505
06,朝阳,219.9939024390244
06,本溪,212.63235294117646
06,杂多,106.0246913580247
06,杭州,272.2892906815021
06,松山,282.84122562674094
06,松潘,134.93939393939394
06,林芝,161.35897435897436
06,林西县,193.68965517241378
06,枣阳,295.44174757281553
06,柳州,259.57070707070704
06,格尔木,180.28389830508473
06,桂林,263.80806675938805
06,桃园,284.958217270195
06,桑植,260.97087378640776
06,桦甸,199.2843137254902
06,梅县,267.64830508474574
06,梧州,275.1404255319149
06,榆中,202.9276595744681
06,榆林,240.9957805907173
06,榆社,229.18
06,榕江,263.06060606060606
06,武夷山,255.87309644670052
06,武汉,289.15309672929715
06,武都,253.8
06,毕节,202.12871287128712
06,民勤,246.45991561181435
06,永州,269.74152542372883
06,汉中,264.2278481012658
06,汕头,279.7037552155772
06,汕尾,279.94849785407723
06,江城,215.40291262135923
06,沂源,260.9786324786325
06,沅陵,267.91282051282053
06,沈阳,214.14270724029382
06,沙坪坝,263.9276773296245
06,沙田,287.3318385650224
06,沱沱河,66.68510638297872
06,河南,102.77450980392157
06,河曲,237.88185654008439
06,河池,272.34468085106386
06,河源,272.9279661016949
06,泊头,272.3966244725738
06,泰山,183.93788819875778
06,泰来,213.6601941747573
06,泸西,210.7929292929293
06,泾河,288.78723404255317
06,流浮山,279.1848739495798
06,济南,281.53225806451616
06,浦城,248.84263959390864
06,海伦,203.35443037974684
06,海力素,220.24255319148935
06,海口,292.4830508474576
06,海拉尔,188.54893617021276
06,海阳,219.53418803418805
06,淖毛湖,305.2
06,淮安,276.2542372881356
06,深圳,279.7510431154381
06,淳安,254.21333333333334
06,清原,201.945
06,温江,253.13983050847457
06,湛江,286.6208791208791
06,溧阳,274.10593220338984
06,满都拉气象站,217.96581196581195
06,漠河,169.9957264957265
06,漳平,255.25280898876406
06,潍坊,253.72573839662448
06,澜沧,235.8118811881188
06,澳门,277.8008356545961
06,爱辉,195.01652892561984
06,牡丹江,183.28991596638656
06,独山,229.71212121212122
06,狮泉河,121.12820512820512
06,玉树,121.15611814345992
06,玛多,68.86808510638298
06,理塘,108.18811881188118
06,琼海,291.0133333333333
06,瑞安,251.23305084745763
06,甘孜,145.02643171806167
06,百色,284.7567567567568
06,皮山,255.8186274509804
06,盐池,235.93162393162393
06,盐湖,279.873417721519
06,石浦,238.61627906976744
06,福州,258.6481223922114
06,福鼎,255.8986784140969
06,离石,247.80132450331126
06,稻城,129.0875
06,精河,271.4950980392157
06,绥芬河,159.66
06,罗甸,265.1010101010101
06,老河口,282.4406779661017
06,耿马,228.1875
06,腾冲,190.34468085106383
06,色达,103.51515151515152
06,芜湖县,272.46938775510205
06,芷江,256.4255319148936
06,若尔盖,102.85643564356435
06,荆州,280.5103092783505
06,莎车,256.82978723404256
06,莘县,288.98039215686276
06,营口,220.62978723404257
06,蒙山,263.3989898989899
06,蔚县,228.05882352941177
06,虎林,190.03
06,蚌埠,280.8782608695652
06,西乌珠穆沁,173.50212765957446
06,西华,299.21078431372547
06,西宁,170.31489361702128
06,西峰,227.7910447761194
06,西昌,210.07627118644066
06,贵南,134.45147679324896
06,贵阳,220.00695410292073
06,费县,274.03333333333336
06,赣县,273.8141499472017
06,赣榆,257.11914893617023
06,赤峰,204.61702127659575
06,达川,272.93333333333334
06,达日,91.16883116883118
06,达茂旗气象局,211.4264705882353
06,连州,269.1212121212121
06,连平,252.6949152542373
06,通河,199.60759493670886
06,通辽,210.042194092827
06,通道,252.1919191919192
06,道孚,155.93939393939394
06,邢台,281.0675105485232
06,那仁宝力格,189.23
06,那坡,244.56060606060606
06,那曲,99.8119658119658
06,邵武,254.6228813559322
06,郑州,302.201668984701
06,郴州,257.9957446808511
06,都兰,139.66272189349112
06,鄂托克旗,223.37446808510637
06,酉阳,228.17521367521368
06,酒泉,214.1741867785939
06,钟祥,272.4102564102564
06,钦州,280.41150442477874
06,铁干里克,279.0
06,银川,241.34177215189874
06,锡林浩特,195.873417721519
06,长岛,226.54106280193236
06,长岭,213.06372549019608
06,长春,205.86341463414635
06,长汀,256.6784140969163
06,长沙,268.978813559322
06,长洲,268.97478991596637
06,长白,167.7156862745098
06,阆中,270.68811881188117
06,阜阳,293.1276595744681
06,阳城,262.87745098039215
06,阳江,278.71610169491527
06,阿勒泰,220.21702127659574
06,阿尔山,148.93617021276594
06,阿巴嘎旗,192.37446808510637
06,阿拉尔,254.1358024691358
06,陵县,275.76960784313724
06,集宁,201.39613526570048
06,集安,206.1919191919192
06,霍山,279.26724137931035
06,青岛,228.81476323119776
06,青龙,224.13235294117646
06,韶关,264.9025423728813
06,香港,292.1571627260083
06,马尔康,159.68803418803418
06,马鬃山,211.42127659574467
06,驻马店,292.5049019607843
06,高坪,259.88510638297873
06,高要,279.9574468085106
06,高雄,295.0977060322855
06,鸡西,187.7531914893617
06,麦积,233.85507246376812
06,麻城,277.8009708737864
06,黄山,162.90769230769232
06,齐齐哈尔,212.1476793248945
06,龙口,248.84810126582278
07, 吉安县,318.4344262295082
07,丁青,146.1851851851852
07,万源,277.18009478672985
07,三穗,279.46666666666664
07,上川岛,295.2540322580645
07,东乌珠穆沁,231.4574898785425
07,东兴区,301.0995024875622
07,东台,291.6639344262295
07,东方,297.077868852459
07,东胜,221.4493927125506
07,中宁,261.2
07,丰宁,237.2196261682243
07,临江,228.19672131147541
07,临沧,220.22268907563026
07,临河,239.5860655737705
07,丹东,246.95901639344262
07,丽水,318.32217573221754
07,丽江,195.5655737704918
07,乌拉特中旗,233.23481781376518
07,乌鞘岭,132.0952380952381
07,乐亭,267.01214574898785
07,九仙山,212.25480769230768
07,九龙,165.30327868852459
07,二连浩特,250.53179190751445
07,五台山,154.7172131147541
07,五道梁,79.91469194312796
07,亳州,287.5843621399177
07,介休,243.4857142857143
07,伊春,226.81632653061226
07,会泽,202.99404761904762
07,会理,227.45348837209303
07,佛冈,294.7014925373134
07,保定,271.10280373831773
07,保山,221.455
07,信宜,287.11290322580646
07,信阳,295.6422764227642
07,修水,299.4347826086956
07,儋州,287.21370967741933
07,元江,301.73933649289097
07,克山,232.77884615384616
07,克拉玛依,274.2612244897959
07,兖州,273.2232558139535
07,兴仁,239.5860655737705
07,冷湖,189.02834008097167
07,凤翔,255.4232558139535
07,前郭,245.00404858299595
07,勐腊,264.4848484848485
07,化德,204.03355704697987
07,北京,273.71063257065947
07,北海,298.19591836734696
07,华家岭,170.04739336492892
07,华山,188.46976744186045
07,南京,305.40994623655916
07,南城,317.1658536585366
07,南宁,292.8492597577389
07,南岳,232.91860465116278
07,南昌,318.52868852459017
07,南阳,281.33603238866397
07,原平,240.10232558139535
07,厦门,298.71332436069986
07,台中市,283.60323886639674
07,台南,286.9770580296896
07,合作,151.08823529411765
07,合肥,299.39475453934097
07,吐鲁番,351.5860655737705
07,吕泗,291.99588477366257
07,呼和浩特,231.80241935483872
07,呼玛,223.1174089068826
07,和布克赛尔,194.67073170731706
07,和田,289.54655870445345
07,哈密,289.60655737704917
07,哈尔滨,246.3388429752066
07,哈巴河,221.03636363636363
07,唐山,270.25592417061614
07,喀什,290.4414535666218
07,四平,241.0418604651163
07,围场,220.2429906542056
07,固始,293.1720930232558
07,图里河,183.9142857142857
07,塔中,298.7336065573771
07,塔城,237.99590163934425
07,多伦县,204.96761133603238
07,大同,228.62790697674419
07,大理,213.7962962962963
07,大连,253.98521505376345
07,大陈,272.30041152263374
07,天津,277.92348008385744
07,太原,241.76747311827958
07,奉节,305.73732718894007
07,威宁,196.38114754098362
07,嫩江,230.23886639676113
07,孙吴,231.27906976744185
07,孟津,267.0095238095238
07,安康,294.86234817813767
07,安达,246.41860465116278
07,安阳,259.49302325581397
07,定日,130.6008230452675
07,定海,294.4754098360656
07,定陶,271.7265306122449
07,宜宾,292.5860655737705
07,宜昌,280.77868852459017
07,宜春,302.66359447004606
07,宝国吐,237.61611374407582
07,宝山,309.094262295082
07,宝清,236.3222748815166
07,宽甸,241.93488372093023
07,富蕴,226.4430894308943
07,富锦,235.62857142857143
07,寻乌,286.6
07,射阳,282.74015748031496
07,小二沟,227.0418604651163
07,尚志,243.02803738317758
07,岳阳,310.17874396135267
07,峨眉山,140.17061611374407
07,崆峒,223.1516393442623
07,嵊州,311.60669456066944
07,嵊泗,283.66390041493776
07,巴塘,222.95294117647057
07,巴林左旗,232.79757085020242
07,巴音布鲁克,120.62559241706161
07,常德,294.11764705882354
07,平潭,291.64777327935224
07,广南,249.71144278606965
07,广州,307.8736559139785
07,广昌,303.3456221198157
07,庐山,244.30875576036865
07,库尔勒,257.3943089430894
07,康定,181.86729857819904
07,延吉,220.61065573770492
07,张家口,243.77459016393442
07,张掖,235.2622950819672
07,彰武,250.6178861788618
07,徐家汇,314.744623655914
07,徐州,284.4485596707819
07,德格,159.90049751243782
07,德钦,145.76859504132233
07,怀来,254.05263157894737
07,思南,287.84705882352944
07,思茅,228.72268907563026
07,恩施,291.15546218487395
07,惠民,272.446511627907
07,成山头,232.77327935222672
07,房县,287.1658986175115
07,扎鲁特,248.92712550607288
07,打鼓岭,299.0323886639676
07,承德,251.25409836065575
07,敦化,223.46976744186045
07,新巴尔虎右旗,227.31174089068827
07,日照,255.71544715447155
07,昆明,207.46774193548387
07,昌都,179.93032786885246
07,昭通,224.6218905472637
07,景德镇,308.6011904761905
07,曲麻莱,104.28365384615384
07,朝阳,252.39766081871346
07,本溪,250.3674418604651
07,杂多,127.23121387283237
07,杭州,318.48521505376345
07,松山,308.42530282637955
07,松潘,157.2189054726368
07,林芝,186.30705394190872
07,林西县,222.74883720930234
07,枣阳,302.7834101382488
07,柳州,284.2722772277228
07,格尔木,201.98785425101215
07,桂林,293.002688172043
07,桃园,309.70390309555853
07,桑植,287.7834101382488
07,桦甸,239.25714285714287
07,梅县,297.54918032786884
07,梧州,293.4549180327869
07,榆中,207.26639344262296
07,榆林,225.71604938271605
07,榆社,222.92890995260663
07,榕江,294.1044776119403
07,横栏岛,302.26666666666665
07,武夷山,299.8840579710145
07,武汉,298.71015467383995
07,武都,269.3893442622951
07,毕节,241.38679245283018
07,民勤,253.53061224489795
07,永州,302.3703703703704
07,汉中,283.97131147540983
07,汕头,297.55316285329747
07,汕尾,297.07377049180326
07,江城,228.036866359447
07,沂源,259.38589211618256
07,沅陵,299.07729468599035
07,沈阳,249.98277608915907
07,沙坪坝,313.77254374158815
07,沙田,301.9676113360324
07,沱沱河,96.37651821862349
07,河南,117.4
07,河曲,237.78775510204082
07,河池,294.87394957983196
07,河源,304.2745901639344
07,泊头,278.77868852459017
07,泰山,186.51149425287358
07,泰来,246.9581395348837
07,泸西,220.92039800995025
07,泾河,278.61728395061726
07,流浮山,294.31983805668017
07,济南,272.8888888888889
07,浦城,294.9903381642512
07,海伦,231.75708502024293
07,海力素,240.78137651821862
07,海口,292.9549180327869
07,海拉尔,212.63967611336034
07,海阳,260.12916666666666
07,淖毛湖,305.9190476190476
07,淮安,285.22314049586777
07,深圳,299.8048452220727
07,淳安,307.234309623431
07,清原,238.8443396226415
07,温江,276.64344262295083
07,湛江,291.9646464646465
07,溧阳,310.06854838709677
07,满都拉气象站,241.89473684210526
07,漠河,203.73469387755102
07,漳平,290.52763819095475
07,潍坊,270.9918367346939
07,澜沧,253.16587677725119
07,澳门,296.93539703903093
07,爱辉,232.44525547445255
07,牡丹江,229.0
07,独山,251.77114427860695
07,狮泉河,159.93852459016392
07,玉树,138.3795918367347
07,玛多,90.77642276422765
07,理塘,129.68599033816426
07,琼海,291.546218487395
07,瑞安,306.58367346938775
07,甘孜,158.5983606557377
07,百色,301.27485380116957
07,皮山,281.27906976744185
07,盐池,237.42105263157896
07,盐湖,275.52244897959184
07,石浦,291.0959595959596
07,福州,298.9098250336474
07,福鼎,306.70588235294116
07,离石,237.0421686746988
07,稻城,139.92899408284023
07,精河,264.75348837209305
07,绥芬河,204.98104265402844
07,罗甸,287.4378109452736
07,老河口,289.26229508196724
07,耿马,249.0887573964497
07,腾冲,208.60084033613447
07,色达,115.04477611940298
07,芜湖县,304.6
07,芷江,289.2310924369748
07,若尔盖,133.18483412322274
07,荆州,296.79611650485435
07,莎车,279.15384615384613
07,莘县,269.5285714285714
07,营口,258.0946502057613
07,蒙山,285.02487562189054
07,蔚县,238.67619047619047
07,虎林,227.02843601895734
07,蚌埠,291.4148148148148
07,西乌珠穆沁,212.5668016194332
07,西华,282.6186046511628
07,西宁,178.70491803278688
07,西峰,229.5185185185185
07,西昌,249.37295081967213
07,贵南,150.86234817813767
07,贵阳,253.4018817204301
07,费县,266.37810945273634
07,赣县,281.37348178137654
07,赣榆,276.1522633744856
07,赤峰,235.58196721311475
07,达川,303.14102564102564
07,达日,104.58620689655173
07,达茂旗气象局,229.7047619047619
07,连州,295.0995024875622
07,连平,280.133064516129
07,通河,239.39837398373984
07,通辽,245.29268292682926
07,通道,277.2437810945274
07,道孚,167.43
07,邢台,264.59016393442624
07,那仁宝力格,222.6398104265403
07,那坡,254.49751243781094
07,那曲,112.25431034482759
07,邵武,297.51836734693876
07,郑州,277.8963660834455
07,郴州,288.7352941176471
07,都兰,158.56571428571428
07,鄂托克旗,226.51012145748987
07,酉阳,260.4016393442623
07,酒泉,217.42046605876394
07,钟祥,289.74271844660194
07,钦州,292.75210084033614
07,铁干里克,284.0931174089069
07,银川,248.91836734693877
07,锡林浩特,234.59016393442624
07,长岛,251.9953488372093
07,长岭,243.6186046511628
07,长春,241.43164983164982
07,长汀,291.61344537815125
07,长沙,297.05737704918033
07,长洲,285.16194331983803
07,长白,211.30697674418604
07,阆中,302.6445497630332
07,阜阳,292.6386554621849
07,阳城,245.91904761904763
07,阳江,292.22131147540983
07,阿勒泰,209.60245901639345
07,阿尔山,192.74493927125505
07,阿巴嘎旗,231.2995951417004
07,阿拉尔,271.28323699421964
07,陵县,271.2
07,集宁,213.03255813953487
07,集安,241.97663551401868
07,霍山,294.0801687763713
07,青岛,262.21639784946234
07,青龙,249.95238095238096
07,韶关,295.1024590163934
07,香港,308.5706594885599
07,马尔康,180.36475409836066
07,马鬃山,219.46153846153845
07,驻马店,285.75348837209305
07,高坪,293.84453781512605
07,高要,296.6842105263158
07,高雄,299.58128078817737
07,鸡西,226.9265306122449
07,麦积,250.5906976744186
07,麻城,297.2718894009217
07,黄山,192.32850241545893
07,齐齐哈尔,247.6788617886179
07,龙口,267.7449392712551
08, 吉安县,326.8360655737705
08,丁青,154.9451476793249
08,万源,293.7826086956522
08,三穗,280.2367149758454
08,上川岛,281.7663934426229
08,东乌珠穆沁,177.05
08,东兴区,329.4191919191919
08,东台,295.3402489626556
08,东方,292.577868852459
08,东胜,199.32916666666668
08,中宁,245.45581395348836
08,丰宁,222.9811320754717
08,临江,198.14754098360655
08,临沧,218.75210084033614
08,临河,223.80165289256198
08,丹东,232.21900826446281
08,丽水,316.0429184549356
08,丽江,192.22784810126583
08,乌拉特中旗,212.6125
08,乌鞘岭,127.73953488372094
08,乐亭,259.38429752066116
08,九仙山,203.79710144927537
08,九龙,180.82700421940928
08,二连浩特,211.203007518797
08,五台山,145.19421487603304
08,五道梁,100.64485981308411
08,亳州,287.56611570247935
08,介休,238.8139534883721
08,伊春,182.9551020408163
08,会泽,198.21428571428572
08,会理,224.00632911392404
08,佛冈,283.75252525252523
08,保定,254.5165876777251
08,保山,224.12690355329948
08,信宜,278.3975409836066
08,信阳,297.08264462809916
08,修水,314.1527093596059
08,儋州,276.21311475409834
08,元江,291.719806763285
08,克山,188.1822429906542
08,克拉玛依,254.36363636363637
08,兖州,281.02358490566036
08,兴仁,237.27426160337552
08,冷湖,198.51440329218107
08,凤翔,257.7688679245283
08,前郭,214.66255144032922
08,勐腊,256.89340101522845
08,化德,189.58955223880596
08,北京,256.74590163934425
08,北海,284.7196652719665
08,华家岭,161.28971962616822
08,华山,191.44927536231884
08,南京,310.33469387755105
08,南城,320.192118226601
08,南宁,286.2839673913044
08,南岳,235.09316770186336
08,南昌,327.655601659751
08,南阳,283.9549180327869
08,原平,226.60849056603774
08,厦门,300.1487039563438
08,台中市,280.7250341997264
08,台南,282.3392612859097
08,合作,165.125
08,合肥,302.43792633015005
08,吐鲁番,327.3029045643153
08,吕泗,295.8196721311475
08,呼和浩特,212.47547683923705
08,呼玛,172.11203319502076
08,和布克赛尔,176.18595041322314
08,和田,241.77083333333334
08,哈密,271.4590163934426
08,哈尔滨,209.551867219917
08,哈巴河,202.16556291390728
08,唐山,253.4418604651163
08,喀什,231.39836289222373
08,四平,214.4700460829493
08,围场,204.58333333333334
08,固始,296.6904761904762
08,图里河,132.75416666666666
08,塔中,267.327868852459
08,塔城,217.14344262295083
08,多伦县,184.70833333333334
08,大同,207.38888888888889
08,大理,213.2196261682243
08,大连,249.64441416893732
08,大陈,283.83673469387753
08,天津,264.6613924050633
08,太原,236.99863760217983
08,奉节,337.7348837209302
08,威宁,197.05882352941177
08,嫩江,183.13991769547326
08,孙吴,188.09259259259258
08,孟津,261.95348837209303
08,安康,310.74793388429754
08,安达,213.9811320754717
08,安阳,261.15492957746477
08,定日,135.390756302521
08,定海,298.0655737704918
08,定陶,276.30204081632655
08,宜宾,311.23673469387757
08,宜昌,297.50207468879665
08,宜春,315.0558139534884
08,宝国吐,219.5607476635514
08,宝山,310.46473029045643
08,宝清,206.5373831775701
08,宽甸,221.26511627906976
08,富蕴,209.91769547325103
08,富锦,201.9673469387755
08,寻乌,280.472049689441
08,射阳,281.9913793103448
08,小二沟,178.99537037037038
08,尚志,205.8262910798122
08,岳阳,322.29064039408865
08,峨眉山,138.57142857142858
08,崆峒,217.98340248962654
08,嵊州,308.49785407725324
08,嵊泗,285.4139344262295
08,巴塘,233.6283783783784
08,巴林左旗,202.46666666666667
08,巴音布鲁克,105.83644859813084
08,常德,314.76050420168065
08,平潭,297.3032786885246
08,广南,238.17676767676767
08,广州,307.0606267029973
08,广昌,304.30232558139534
08,庐山,251.93023255813952
08,库尔勒,244.00413223140495
08,康定,193.71980676328502
08,延吉,210.33877551020407
08,张家口,224.8388429752066
08,张掖,219.79338842975207
08,彰武,233.11475409836066
08,徐家汇,312.03830369357047
08,徐州,291.7061224489796
08,德格,177.9234693877551
08,德钦,149.89795918367346
08,怀来,237.9720930232558
08,思南,297.03614457831327
08,思茅,222.28571428571428
08,恩施,319.7689075630252
08,惠民,264.79716981132077
08,成山头,239.85416666666666
08,房县,292.2232558139535
08,扎鲁特,217.1
08,打鼓岭,284.12757201646093
08,承德,234.85245901639345
08,敦化,196.75
08,新巴尔虎右旗,184.47083333333333
08,日照,263.30204081632655
08,昆明,203.34421768707483
08,昌都,194.32067510548524
08,昭通,222.8030303030303
08,景德镇,325.0
08,曲麻莱,133.04651162790697
08,朝阳,242.70700636942675
08,本溪,229.08796296296296
08,杂多,148.74025974025975
08,杭州,322.066757493188
08,松山,308.2401091405184
08,松潘,178.93434343434345
08,林芝,187.8776371308017
08,林西县,190.9814814814815
08,枣阳,305.3581395348837
08,柳州,285.27272727272725
08,格尔木,206.84710743801654
08,桂林,297.73433242506815
08,桃园,308.2312925170068
08,桑植,307.10232558139535
08,桦甸,207.46046511627907
08,梅县,287.99170124481327
08,梧州,288.02868852459017
08,榆中,202.92561983471074
08,榆林,217.09795918367348
08,榆社,222.7429906542056
08,榕江,292.92424242424244
08,武夷山,306.45893719806764
08,武汉,301.2316076294278
08,武都,281.7685950413223
08,毕节,247.15270935960592
08,民勤,225.1639344262295
08,永州,312.9918367346939
08,汉中,295.61632653061224
08,汕头,293.0285714285714
08,汕尾,285.2581967213115
08,江城,224.5906976744186
08,沂源,259.1024590163934
08,沅陵,317.6896551724138
08,沈阳,226.4702868852459
08,沙坪坝,343.65531335149865
08,沙田,288.4672131147541
08,沱沱河,114.94166666666666
08,河南,145.11574074074073
08,河曲,217.56326530612245
08,河池,290.8396624472574
08,河源,291.7704918032787
08,泊头,268.53877551020406
08,泰山,182.8860759493671
08,泰来,210.38028169014083
08,泸西,218.93939393939394
08,泾河,280.6408163265306
08,流浮山,278.49159663865544
08,济南,269.1639344262295
08,浦城,302.8743961352657
08,海伦,187.09053497942386
08,海力素,218.42083333333332
08,海口,284.55785123966945
08,海拉尔,167.98333333333332
08,海阳,256.88524590163934
08,淖毛湖,285.92093023255813
08,淮安,285.2938775510204
08,深圳,288.5129604365621
08,淳安,313.90557939914163
08,清原,212.34579439252337
08,温江,288.6846473029046
08,湛江,282.6448087431694
08,溧阳,313.9836065573771
08,满都拉气象站,217.42916666666667
08,漠河,143.45528455284554
08,漳平,288.3184357541899
08,潍坊,268.47131147540983
08,澜沧,245.83574879227052
08,澳门,287.4394557823129
08,爱辉,184.11764705882354
08,牡丹江,201.54285714285714
08,独山,248.88324873096445
08,狮泉河,144.54621848739495
08,玉树,157.43852459016392
08,玛多,121.8125
08,理塘,141.89756097560976
08,琼海,278.70258620689657
08,瑞安,300.22314049586777
08,甘孜,182.45901639344262
08,百色,305.15315315315314
08,皮山,232.21759259259258
08,盐池,225.74583333333334
08,盐湖,275.81632653061223
08,石浦,291.70652173913044
08,福州,307.0149863760218
08,福鼎,305.4194915254237
08,离石,237.76666666666668
08,稻城,149.89880952380952
08,精河,250.04166666666666
08,绥芬河,189.7663551401869
08,罗甸,282.7676767676768
08,老河口,290.95
08,耿马,240.62048192771084
08,腾冲,213.48953974895397
08,色达,134.68686868686868
08,芜湖县,313.6954314720812
08,芷江,303.89915966386553
08,若尔盖,145.15458937198068
08,荆州,308.67487684729065
08,莎车,227.75
08,莘县,270.95348837209303
08,营口,242.32644628099175
08,蒙山,282.1111111111111
08,蔚县,223.33023255813953
08,虎林,206.60280373831776
08,蚌埠,289.29661016949154
08,西乌珠穆沁,168.09583333333333
08,西华,281.7083333333333
08,西宁,181.89711934156378
08,西峰,224.75462962962962
08,西昌,251.3673469387755
08,贵南,171.75720164609052
08,贵阳,259.27285129604365
08,费县,276.8054054054054
08,赣县,277.6690796277146
08,赣榆,278.8264462809917
08,赤峰,219.36776859504133
08,达川,337.83478260869566
08,达日,133.5912408759124
08,达茂旗气象局,211.8093023255814
08,连州,287.9949494949495
08,连平,274.7049180327869
08,通河,200.6198347107438
08,通辽,227.63636363636363
08,通道,279.09090909090907
08,道孚,197.23737373737373
08,邢台,256.069387755102
08,那仁宝力格,180.80373831775702
08,那坡,244.1818181818182
08,那曲,121.8529411764706
08,邵武,301.5795918367347
08,郑州,283.2326530612245
08,郴州,290.9201680672269
08,都兰,186.0597014925373
08,鄂托克旗,210.01666666666668
08,酉阳,275.1932773109244
08,酒泉,205.69467213114754
08,钟祥,298.192118226601
08,钦州,281.79828326180257
08,铁干里克,263.2125
08,银川,235.21311475409837
08,锡林浩特,191.17142857142858
08,长岛,253.74056603773585
08,长岭,219.48611111111111
08,长春,211.05129958960327
08,长汀,286.6737288135593
08,长沙,309.0497925311203
08,长洲,272.344262295082
08,长白,183.65740740740742
08,阆中,322.3623188405797
08,阜阳,297.37394957983196
08,阳城,247.92558139534884
08,阳江,277.6106557377049
08,阿勒泰,193.12345679012347
08,阿尔山,137.63333333333333
08,阿巴嘎旗,185.71666666666667
08,阿拉尔,229.96753246753246
08,陵县,263.1712962962963
08,集宁,200.54716981132074
08,集安,217.56944444444446
08,霍山,299.7436974789916
08,青岛,261.8013605442177
08,青龙,236.48837209302326
08,韶关,291.0857142857143
08,香港,293.71583220568334
08,马尔康,200.44117647058823
08,马鬃山,205.52083333333334
08,驻马店,285.5416666666667
08,高坪,326.7563025210084
08,高要,283.9590163934426
08,高雄,295.17384105960264
08,鸡西,203.04526748971193
08,麦积,249.71830985915494
08,麻城,312.4139534883721
08,黄山,202.8128078817734
08,齐齐哈尔,204.59591836734694
08,龙口,259.0696721311475
09, 吉安县,280.45454545454544
09,丁青,98.95154185022027
09,万源,208.51776649746193
09,三穗,242.16243654822335
09,上川岛,286.85775862068965
09,东乌珠穆沁,154.93103448275863
09,东兴区,229.30612244897958
09,东台,225.1459227467811
09,东方,287.5541125541126
09,东胜,164.22413793103448
09,中宁,201.77722772277227
09,丰宁,179.17241379310346
09,临江,154.02564102564102
09,临沧,204.32900432900433
09,临河,174.31330472103005
09,丹东,190.69827586206895
09,丽水,265.4260869565217
09,丽江,169.4646017699115
09,乌拉特中旗,162.97413793103448
09,乌鞘岭,86.56930693069307
09,乐亭,224.60256410256412
09,九仙山,177.04950495049505
09,九龙,132.39823008849558
09,二连浩特,172.20560747663552
09,五台山,109.81115879828326
09,五道梁,23.35532994923858
09,亳州,240.80257510729615
09,介休,194.86633663366337
09,伊春,139.8034188034188
09,会泽,162.61184210526315
09,会理,192.8409090909091
09,佛冈,282.1326530612245
09,保定,218.24137931034483
09,保山,210.33673469387756
09,信宜,276.8534482758621
09,信阳,248.008547008547
09,修水,267.085
09,儋州,274.4051724137931
09,元江,274.3654822335025
09,克山,147.31313131313132
09,克拉玛依,212.77682403433477
09,兖州,228.01477832512316
09,兴仁,202.08
09,冷湖,126.11587982832619
09,凤翔,192.85714285714286
09,前郭,172.67811158798284
09,勐腊,249.18367346938774
09,化德,155.7469135802469
09,北京,220.8983286908078
09,北海,283.84120171673817
09,华家岭,113.71212121212122
09,华山,133.79310344827587
09,南京,235.87465181058496
09,南城,272.34328358208955
09,南宁,280.1044568245125
09,南岳,200.36434108527132
09,南昌,279.6738197424893
09,南阳,237.15384615384616
09,原平,189.8128078817734
09,厦门,285.8885793871866
09,台中市,259.97202797202794
09,台南,277.29050279329607
09,合作,85.04444444444445
09,合肥,241.7391910739191
09,吐鲁番,291.57327586206895
09,吕泗,234.26406926406926
09,呼和浩特,161.93156424581005
09,呼玛,109.86147186147186
09,和布克赛尔,145.48717948717947
09,和田,231.3648068669528
09,哈密,217.15744680851063
09,哈尔滨,167.4805194805195
09,哈巴河,168.44525547445255
09,唐山,219.76649746192894
09,喀什,230.00139470013946
09,四平,179.15422885572139
09,围场,161.535
09,固始,239.19704433497537
09,图里河,84.57758620689656
09,塔中,218.8846153846154
09,塔城,180.57264957264957
09,多伦县,146.26724137931035
09,大同,160.22885572139305
09,大理,191.86633663366337
09,大连,210.61977715877438
09,大陈,247.53648068669528
09,天津,234.52954048140043
09,太原,185.44351464435147
09,奉节,243.63546798029557
09,威宁,149.23893805309734
09,嫩江,133.43589743589743
09,孙吴,135.38805970149255
09,孟津,232.01980198019803
09,安康,222.65811965811966
09,安达,163.5024630541872
09,安阳,232.4384236453202
09,定日,109.63876651982379
09,定海,243.3175965665236
09,定陶,228.2008547008547
09,宜宾,221.83549783549785
09,宜昌,243.05150214592274
09,宜春,276.3349753694581
09,宝国吐,181.92424242424244
09,宝山,242.2832618025751
09,宝清,162.09595959595958
09,宽甸,176.97512437810946
09,富蕴,167.96581196581195
09,富锦,145.5
09,寻乌,264.62987012987014
09,射阳,220.37209302325581
09,小二沟,127.03980099502488
09,尚志,161.6206896551724
09,岳阳,265.2039800995025
09,峨眉山,84.69543147208122
09,崆峒,156.69957081545064
09,嵊州,242.0608695652174
09,嵊泗,239.6480686695279
09,巴塘,172.19108280254778
09,巴林左旗,181.5974025974026
09,巴音布鲁克,78.36363636363636
09,常德,261.34632034632034
09,平潭,277.4420600858369
09,广南,213.80927835051546
09,广州,285.4902370990237
09,广昌,268.88669950738915
09,庐山,194.6305418719212
09,库尔勒,216.83333333333334
09,康定,122.49489795918367
09,延吉,163.46153846153845
09,张家口,185.982683982684
09,张掖,186.43965517241378
09,彰武,188.2863247863248
09,徐家汇,247.44769874476987
09,徐州,232.06060606060606
09,德格,126.22051282051282
09,德钦,123.76623376623377
09,怀来,202.47029702970298
09,思南,248.9655172413793
09,思茅,211.76623376623377
09,恩施,231.7056277056277
09,惠民,218.9704433497537
09,成山头,219.5948275862069
09,房县,222.3152709359606
09,扎鲁特,183.36637931034483
09,打鼓岭,282.64285714285717
09,承德,199.46581196581195
09,敦化,157.9402985074627
09,新巴尔虎右旗,139.93103448275863
09,日照,221.18695652173912
09,昆明,177.00278551532034
09,昌都,133.65486725663717
09,昭通,170.64795918367346
09,景德镇,273.1261261261261
09,曲麻莱,62.25247524752475
09,朝阳,208.6
09,本溪,188.0099502487562
09,杂多,88.00714285714285
09,杭州,247.89151599443673
09,松山,271.39470013947
09,松潘,112.86734693877551
09,林芝,146.15486725663717
09,林西县,166.6915422885572
09,枣阳,252.72906403940885
09,柳州,280.31632653061223
09,格尔木,136.75641025641025
09,桂林,285.0738161559889
09,桃园,275.61281337047353
09,桑植,244.83251231527095
09,桦甸,166.14851485148515
09,梅县,279.4334763948498
09,梧州,283.75324675324674
09,榆中,145.3390557939914
09,榆林,175.19480519480518
09,榆社,168.23232323232324
09,榕江,266.2551020408163
09,横栏岛,278.09375
09,武夷山,274.9950495049505
09,武汉,270.3558967201675
09,武都,206.38197424892704
09,毕节,186.3502538071066
09,民勤,195.64102564102564
09,永州,283.13419913419915
09,汉中,210.6965811965812
09,汕头,288.6295264623955
09,汕尾,289.82683982683983
09,江城,212.21182266009853
09,沂源,212.3896103896104
09,沅陵,273.1044776119403
09,沈阳,187.0928270042194
09,沙坪坝,241.28730822873084
09,沙田,289.6344537815126
09,沱沱河,44.508620689655174
09,河南,65.17412935323384
09,河曲,166.75213675213675
09,河池,276.1434782608696
09,河源,292.5064935064935
09,泊头,234.63675213675214
09,泰山,145.18705035971223
09,泰来,164.63546798029557
09,泸西,195.72448979591837
09,泾河,218.45299145299145
09,流浮山,278.3060344827586
09,济南,227.70212765957447
09,浦城,262.3267326732673
09,海伦,146.52991452991452
09,海力素,174.57758620689654
09,海口,279.9785407725322
09,海拉尔,130.39224137931035
09,海阳,217.8917748917749
09,淖毛湖,240.13366336633663
09,淮安,219.54545454545453
09,深圳,297.68384401114207
09,淳安,259.67826086956524
09,清原,169.5050505050505
09,温江,212.06437768240343
09,湛江,278.69714285714286
09,溧阳,236.48275862068965
09,满都拉气象站,176.93534482758622
09,漠河,80.18454935622317
09,漳平,268.7630057803468
09,潍坊,226.508547008547
09,澜沧,238.49489795918367
09,澳门,293.30041724617524
09,爱辉,125.50735294117646
09,牡丹江,157.22222222222223
09,独山,221.8877551020408
09,狮泉河,110.2863436123348
09,玉树,93.92307692307692
09,玛多,40.08620689655172
09,理塘,95.83163265306122
09,琼海,278.7772925764192
09,瑞安,268.69957081545067
09,甘孜,121.92640692640693
09,百色,275.8888888888889
09,皮山,219.00497512437812
09,盐池,170.7155172413793
09,盐湖,216.70815450643778
09,石浦,247.4671052631579
09,福州,281.2841225626741
09,福鼎,276.0692640692641
09,离石,190.57553956834533
09,稻城,115.27972027972028
09,精河,210.34328358208955
09,绥芬河,144.04663212435233
09,罗甸,259.3826530612245
09,老河口,240.96137339055795
09,耿马,232.1958041958042
09,腾冲,199.73160173160173
09,色达,80.83589743589744
09,芜湖县,240.0890052356021
09,芷江,265.2077922077922
09,若尔盖,73.19289340101523
09,荆州,258.44278606965173
09,莎车,215.54741379310346
09,莘县,230.93564356435644
09,营口,200.0128755364807
09,蒙山,273.33673469387753
09,蔚县,186.64851485148515
09,虎林,154.0252525252525
09,蚌埠,233.75968992248062
09,西乌珠穆沁,149.34913793103448
09,西华,235.55223880597015
09,西宁,121.10729613733906
09,西峰,169.0497512437811
09,西昌,197.07860262008734
09,贵南,89.8119658119658
09,贵阳,209.96100278551532
09,费县,225.55769230769232
09,赣县,231.8732394366197
09,赣榆,221.068669527897
09,赤峰,189.95278969957081
09,达川,236.17910447761193
09,达日,65.82165605095541
09,达茂旗气象局,168.4009900990099
09,连州,279.63775510204084
09,连平,267.07327586206895
09,通河,152.15384615384616
09,通辽,188.4094827586207
09,通道,251.2908163265306
09,道孚,131.6377551020408
09,邢台,230.92735042735043
09,那仁宝力格,149.6969696969697
09,那坡,223.08163265306123
09,那曲,70.37229437229438
09,邵武,266.0560344827586
09,郑州,237.85055865921788
09,郴州,264.42424242424244
09,都兰,104.88990825688073
09,鄂托克旗,155.80603448275863
09,酉阳,224.05726872246697
09,酒泉,161.04641350210971
09,钟祥,250.23880597014926
09,钦州,279.4173913043478
09,铁干里克,217.21030042918454
09,银川,186.66239316239316
09,锡林浩特,162.66239316239316
09,长岛,221.1576354679803
09,长岭,182.43781094527364
09,长春,169.8958041958042
09,长汀,264.31601731601734
09,长沙,261.48068669527896
09,长洲,279.07563025210084
09,长白,140.55223880597015
09,阆中,225.23979591836735
09,阜阳,242.48917748917748
09,阳城,198.96039603960395
09,阳江,281.83549783549785
09,阿勒泰,156.94396551724137
09,阿尔山,117.84051724137932
09,阿巴嘎旗,157.13793103448276
09,阿拉尔,225.57432432432432
09,陵县,218.4726368159204
09,集宁,157.06896551724137
09,集安,173.1138613861386
09,霍山,234.67532467532467
09,青岛,221.4025069637883
09,青龙,199.31683168316832
09,韶关,280.64935064935065
09,香港,302.05153203342616
09,马尔康,136.33185840707964
09,马鬃山,163.98275862068965
09,驻马店,233.8507462686567
09,高坪,221.78787878787878
09,高要,286.58620689655174
09,高雄,287.152600170503
09,鸡西,155.46581196581195
09,麦积,185.0295566502463
09,麻城,258.7487684729064
09,黄山,143.85572139303483
09,齐齐哈尔,160.85042735042734
09,龙口,220.93589743589743
10, 吉安县,213.508547008547
10,丁青,54.52100840336134
10,万源,156.6231884057971
10,三穗,174.45410628019323
10,上川岛,252.4602510460251
10,东乌珠穆沁,26.170833333333334
10,东兴区,189.57635467980296
10,东台,162.80753138075315
10,东方,256.66386554621846
10,东胜,81.95416666666667
10,中宁,119.52657004830918
10,丰宁,75.70388349514563
10,临江,59.9375
10,临沧,187.2340425531915
10,临河,81.65690376569037
10,丹东,107.57322175732217
10,丽水,202.1239316239316
10,丽江,140.11764705882354
10,乌拉特中旗,59.85
10,乌鞘岭,19.35576923076923
10,乐亭,134.67782426778243
10,九仙山,130.9271844660194
10,九龙,116.86134453781513
10,二连浩特,55.63492063492063
10,五台山,33.11344537815126
10,五道梁,-29.5
10,亳州,163.7531380753138
10,介休,115.35265700483092
10,伊春,31.841666666666665
10,会泽,137.85119047619048
10,会理,175.1656050955414
10,佛冈,244.2167487684729
10,保定,129.24757281553397
10,保山,188.5369458128079
10,信宜,248.22594142259413
10,信阳,170.65271966527197
10,修水,195.6980198019802
10,儋州,243.34728033472803
10,元江,247.38647342995168
10,克山,40.8390243902439
10,克拉玛依,101.1297071129707
10,兖州,146.00485436893203
10,兴仁,163.0546218487395
10,冷湖,42.05020920502092
10,凤翔,121.40776699029126
10,前郭,68.0210970464135
10,勐腊,231.3743842364532
10,化德,44.293103448275865
10,北京,124.93112947658402
10,北海,247.4518828451883
10,华家岭,51.63942307692308
10,华山,75.8495145631068
10,南京,171.27724137931034
10,南城,208.9009900990099
10,南宁,242.0853994490358
10,南岳,132.48701298701297
10,南昌,205.1171548117155
10,南阳,161.7731092436975
10,原平,108.53883495145631
10,厦门,247.20604395604394
10,台中市,234.9655172413793
10,台南,257.0206896551724
10,合作,51.79865771812081
10,合肥,179.72739820565909
10,吐鲁番,164.14583333333334
10,吕泗,181.609243697479
10,呼和浩特,74.59917355371901
10,呼玛,11.97489539748954
10,和布克赛尔,36.08786610878661
10,和田,140.05
10,哈密,103.09663865546219
10,哈尔滨,63.7563025210084
10,哈巴河,78.79245283018868
10,唐山,128.4375
10,喀什,141.99448275862068
10,四平,79.83009708737865
10,围场,56.51456310679612
10,固始,167.9368932038835
10,图里河,-28.516666666666666
10,塔中,101.9375
10,塔城,85.875
10,多伦县,41.05833333333333
10,大同,73.27184466019418
10,大理,165.09615384615384
10,大连,129.40469613259668
10,大陈,201.5732217573222
10,天津,142.21972132904608
10,太原,107.68413793103448
10,奉节,199.99519230769232
10,威宁,115.4327731092437
10,嫩江,29.682008368200837
10,孙吴,33.009661835748794
10,孟津,148.3719806763285
10,安康,159.1213389121339
10,安达,59.838235294117645
10,安阳,146.01456310679612
10,定日,46.063025210084035
10,定海,194.3807531380753
10,定陶,150.93305439330544
10,宜宾,184.7310924369748
10,宜昌,176.71966527196653
10,宜春,205.70873786407768
10,宝国吐,78.6923076923077
10,宝山,187.5941422594142
10,宝清,64.30917874396135
10,宽甸,86.5
10,富蕴,65.0836820083682
10,富锦,56.1125
10,寻乌,227.08333333333334
10,射阳,154.77941176470588
10,小二沟,19.931707317073172
10,尚志,60.067961165048544
10,岳阳,191.04455445544554
10,峨眉山,45.23671497584541
10,崆峒,95.24066390041494
10,嵊州,182.15384615384616
10,嵊泗,193.53138075313808
10,巴塘,154.50887573964496
10,巴林左旗,66.67083333333333
10,巴音布鲁克,-1.2980769230769231
10,常德,188.00851063829788
10,平潭,225.50207468879668
10,广南,183.83251231527095
10,广州,228.17862068965516
10,广昌,210.33173076923077
10,庐山,132.57692307692307
10,库尔勒,111.75732217573221
10,康定,89.74396135265701
10,延吉,72.3875
10,张家口,88.94560669456067
10,张掖,84.52301255230125
10,彰武,92.21702127659574
10,徐家汇,191.0758620689655
10,徐州,157.5924369747899
10,德格,83.8921568627451
10,德钦,90.86134453781513
10,怀来,103.45893719806763
10,思南,195.2948717948718
10,思茅,192.79574468085107
10,恩施,188.87234042553192
10,惠民,139.54368932038835
10,成山头,155.3
10,房县,155.15384615384616
10,扎鲁特,75.67083333333333
10,打鼓岭,251.48760330578511
10,承德,99.2
10,敦化,59.81553398058252
10,新巴尔虎右旗,21.99581589958159
10,日照,154.56962025316454
10,昆明,153.2077028885832
10,昌都,91.47899159663865
10,昭通,137.6600985221675
10,景德镇,201.4360902255639
10,曲麻莱,5.380487804878049
10,朝阳,105.0807453416149
10,本溪,95.44174757281553
10,杂多,27.84375
10,杭州,190.5337931034483
10,松山,239.90358126721762
10,松潘,83.54679802955665
10,林芝,116.86974789915966
10,林西县,48.87864077669903
10,枣阳,177.8028846153846
10,柳州,232.5960591133005
10,格尔木,67.17573221757323
10,桂林,230.1544827586207
10,桃园,242.63085399449037
10,桑植,183.06280193236714
10,桦甸,67.4
10,梅县,245.85355648535565
10,梧州,244.8655462184874
10,榆中,86.625
10,榆林,101.32489451476793
10,榆社,94.35576923076923
10,榕江,211.3152709359606
10,横栏岛,251.61603375527426
10,武夷山,220.2621359223301
10,武汉,222.02064693737097
10,武都,161.10041841004184
10,毕节,148.7378640776699
10,民勤,97.95850622406638
10,永州,211.19747899159663
10,汉中,150.525
10,汕头,252.4593103448276
10,汕尾,256.12605042016804
10,江城,190.8653846153846
10,沂源,132.7058823529412
10,沅陵,196.52970297029702
10,沈阳,92.91088082901554
10,沙坪坝,196.44214876033058
10,沙田,258.3099173553719
10,沱沱河,-10.991666666666667
10,河南,32.75242718446602
10,河曲,92.2375
10,河池,236.82978723404256
10,河源,254.58898305084745
10,泊头,145.3625
10,泰山,71.1304347826087
10,泰来,57.59024390243903
10,泸西,166.80295566502463
10,泾河,141.0875
10,流浮山,253.90495867768595
10,济南,148.31372549019608
10,浦城,204.68446601941747
10,海伦,34.76987447698745
10,海力素,63.775
10,海口,253.69456066945608
10,海拉尔,11.483333333333333
10,海阳,143.57563025210084
10,淖毛湖,114.56521739130434
10,淮安,154.89495798319328
10,深圳,262.4297520661157
10,淳安,189.79661016949152
10,清原,74.42307692307692
10,温江,175.09623430962344
10,湛江,248.07291666666666
10,溧阳,173.7907949790795
10,满都拉气象站,62.145833333333336
10,漠河,-18.5375
10,漳平,237.6544502617801
10,潍坊,144.70539419087137
10,澜沧,221.7536231884058
10,澳门,257.07575757575756
10,爱辉,29.944055944055943
10,牡丹江,64.49583333333334
10,独山,175.39901477832512
10,狮泉河,20.668067226890756
10,玉树,41.4125
10,玛多,-14.279166666666667
10,理塘,82.42028985507247
10,琼海,253.78969957081546
10,瑞安,217.05857740585773
10,甘孜,77.11297071129707
10,百色,237.3409090909091
10,皮山,130.0873786407767
10,盐池,97.4375
10,盐湖,139.44583333333333
10,石浦,192.68715083798884
10,福州,230.58677685950414
10,福鼎,220.0210970464135
10,离石,109.00636942675159
10,稻城,92.52830188679245
10,精河,99.42233009708738
10,绥芬河,59.09569377990431
10,罗甸,213.42857142857142
10,老河口,163.01255230125523
10,耿马,215.3375796178344
10,腾冲,179.88510638297873
10,色达,34.669950738916256
10,芜湖县,178.46
10,芷江,189.36595744680852
10,若尔盖,43.65700483091788
10,荆州,183.82673267326732
10,莎车,125.2375
10,莘县,144.72946859903382
10,营口,111.98744769874477
10,蒙山,231.82266009852216
10,蔚县,93.94685990338164
10,虎林,65.82692307692308
10,蚌埠,158.80152671755727
10,西乌珠穆沁,26.4625
10,西华,157.25728155339806
10,西宁,72.14644351464435
10,西峰,103.46341463414635
10,西昌,180.71008403361344
10,贵南,46.12133891213389
10,贵阳,167.4378453038674
10,费县,149.03333333333333
10,赣县,157.4111461619348
10,赣榆,151.11297071129707
10,赤峰,78.23430962343096
10,达川,182.55555555555554
10,达日,23.686746987951807
10,达茂旗气象局,59.17874396135266
10,连州,228.92610837438423
10,连平,227.82426778242677
10,通河,50.24267782426778
10,通辽,83.02510460251047
10,通道,190.97536945812809
10,道孚,101.17733990147784
10,邢台,145.41666666666666
10,那仁宝力格,26.60096153846154
10,那坡,195.5320197044335
10,那曲,11.068085106382979
10,邵武,208.89626556016597
10,郑州,151.0852819807428
10,郴州,194.8808510638298
10,都兰,52.46923076923077
10,鄂托克旗,77.74583333333334
10,酉阳,163.92857142857142
10,酒泉,87.94002068252327
10,钟祥,176.12376237623764
10,钦州,241.36051502145924
10,铁干里克,115.26666666666667
10,银川,104.23333333333333
10,锡林浩特,45.145833333333336
10,长岛,149.91747572815535
10,长岭,74.93236714975845
10,长春,66.62068965517241
10,长汀,220.635593220339
10,长沙,187.6192468619247
10,长洲,245.1358024691358
10,长白,48.35436893203884
10,阆中,180.84541062801932
10,阜阳,168.54468085106382
10,阳城,123.18840579710145
10,阳江,250.03361344537817
10,阿勒泰,63.78661087866109
10,阿尔山,-4.329166666666667
10,阿巴嘎旗,39.108333333333334
10,阿拉尔,118.8625
10,陵县,137.54854368932038
10,集宁,59.237864077669904
10,集安,85.49029126213593
10,霍山,160.34893617021277
10,青岛,148.121045392022
10,青龙,105.70531400966183
10,韶关,232.2016806722689
10,香港,267.2044198895028
10,马尔康,99.48319327731092
10,马鬃山,43.85123966942149
10,驻马店,155.41176470588235
10,高坪,178.37021276595743
10,高要,248.8326359832636
10,高雄,266.43338954468805
10,鸡西,65.64166666666667
10,麦积,129.46153846153845
10,麻城,183.66826923076923
10,黄山,99.12376237623762
10,齐齐哈尔,52.97083333333333
10,龙口,143.52301255230125
11, 吉安县,184.0590909090909
11,丁青,-3.028169014084507
11,万源,124.98936170212765
11,三穗,148.05820105820106
11,上川岛,226.2876712328767
11,东乌珠穆沁,-72.75342465753425
11,东兴区,159.8578947368421
11,东台,137.78995433789953
11,东方,259.15
11,东胜,11.525114155251142
11,中宁,44.774869109947645
11,丰宁,0.14507772020725387
11,临江,-6.391705069124424
11,临沧,151.94495412844037
11,临河,6.223744292237443
11,丹东,51.5662100456621
11,丽水,174.44036697247705
11,丽江,104.68691588785046
11,乌拉特中旗,-22.114155251141554
11,乌鞘岭,-36.05235602094241
11,乐亭,70.66818181818182
11,九仙山,128.3089005235602
11,九龙,60.08878504672897
11,二连浩特,-51.642857142857146
11,五台山,-28.12785388127854
11,五道梁,-86.65263157894736
11,亳州,122.59633027522936
11,介休,67.67015706806282
11,伊春,-68.84331797235023
11,会泽,119.96644295302013
11,会理,147.31506849315068
11,佛冈,210.60526315789474
11,保定,70.64248704663213
11,保山,136.67368421052632
11,信宜,233.23287671232876
11,信阳,130.40454545454546
11,修水,168.0890052356021
11,儋州,243.82191780821918
11,元江,240.93617021276594
11,克山,-68.23157894736842
11,克拉玛依,-2.671232876712329
11,兖州,106.27461139896373
11,兴仁,163.93953488372094
11,冷湖,-22.48181818181818
11,凤翔,75.35233160621762
11,前郭,-23.34090909090909
11,勐腊,214.31578947368422
11,化德,-46.51449275362319
11,北京,60.84100418410042
11,北海,233.28310502283105
11,华家岭,2.8900523560209423
11,华山,33.41968911917098
11,南京,138.9442119944212
11,南城,177.1151832460733
11,南宁,221.76847977684798
11,南岳,107.4625850340136
11,南昌,176.79908675799086
11,南阳,119.16363636363636
11,原平,48.36787564766839
11,厦门,221.20612813370474
11,台中市,223.48314606741573
11,台南,245.92957746478874
11,合作,-6.985714285714286
11,合肥,147.8115840893231
11,吐鲁番,61.02283105022831
11,吕泗,151.9318181818182
11,呼和浩特,-4.448324022346369
11,呼玛,-127.00909090909092
11,和布克赛尔,-59.10454545454545
11,和田,72.53424657534246
11,哈密,7.861751152073733
11,哈尔滨,-30.771689497716896
11,哈巴河,-33.44604316546763
11,唐山,65.20942408376963
11,喀什,70.83008356545962
11,四平,-3.0310880829015545
11,围场,-23.974093264248705
11,固始,129.9740932642487
11,图里河,-158.57798165137615
11,塔中,5.680555555555555
11,塔城,-15.253456221198157
11,多伦县,-40.018264840182646
11,大同,1.4145077720207253
11,大理,123.65104166666667
11,大连,82.61699164345404
11,大陈,175.58636363636364
11,天津,77.61674008810573
11,太原,56.47977684797768
11,奉节,165.4375
11,威宁,112.81860465116279
11,嫩江,-78.15
11,孙吴,-86.0
11,孟津,103.59685863874346
11,安康,126.39449541284404
11,安达,-37.78238341968912
11,安阳,94.01554404145078
11,定日,-9.514018691588785
11,定海,167.38181818181818
11,定陶,106.6589861751152
11,宜宾,161.38636363636363
11,宜昌,146.0593607305936
11,宜春,175.97395833333334
11,宝国吐,2.869109947643979
11,宝山,159.11872146118722
11,宝清,-36.76842105263158
11,宽甸,29.39896373056995
11,富蕴,-50.622727272727275
11,富锦,-47.38073394495413
11,寻乌,195.14093959731542
11,射阳,127.47619047619048
11,小二沟,-85.56020942408377
11,尚志,-36.44559585492228
11,岳阳,162.56020942408378
11,峨眉山,31.433862433862434
11,崆峒,41.1
11,嵊州,162.6605504587156
11,嵊泗,168.61926605504587
11,巴塘,98.0
11,巴林左旗,-25.71232876712329
11,巴音布鲁克,-99.6544502617801
11,常德,156.49308755760367
11,平潭,198.14545454545456
11,广南,178.7842105263158
11,广州,196.7426778242678
11,广昌,178.0
11,庐山,110.03125
11,库尔勒,20.104545454545455
11,康定,64.86170212765957
11,延吉,-2.2442396313364057
11,张家口,11.91324200913242
11,张掖,5.027397260273973
11,彰武,14.735159817351597
11,徐家汇,165.41782729805013
11,徐州,117.66818181818182
11,德格,31.058201058201057
11,德钦,35.595454545454544
11,怀来,30.83157894736842
11,思南,158.7792207792208
11,思茅,178.95871559633028
11,恩施,157.40825688073394
11,惠民,92.1761658031088
11,成山头,114.64678899082568
11,房县,124.58854166666667
11,扎鲁特,-19.141552511415526
11,打鼓岭,224.7016806722689
11,承德,22.29032258064516
11,敦化,-18.020725388601036
11,新巴尔虎右旗,-93.1689497716895
11,日照,118.20454545454545
11,昆明,136.12011173184356
11,昌都,35.67289719626168
11,昭通,118.8
11,景德镇,170.8091603053435
11,曲麻莱,-46.09947643979058
11,朝阳,33.241610738255034
11,本溪,33.03626943005181
11,杂多,-22.326666666666668
11,杭州,161.6856745479833
11,松山,235.27855153203342
11,松潘,38.526315789473685
11,林芝,70.25700934579439
11,林西县,-34.50259067357513
11,枣阳,138.80208333333334
11,柳州,197.6315789473684
11,格尔木,6.5227272727272725
11,桂林,191.77405857740587
11,桃园,231.0306406685237
11,桑植,154.140625
11,桦甸,-7.513089005235602
11,梅县,213.7351598173516
11,梧州,213.4409090909091
11,榆中,19.360730593607308
11,榆林,31.63594470046083
11,榆社,47.910994764397905
11,榕江,184.67894736842106
11,横栏岛,222.06694560669456
11,武夷山,186.75
11,武汉,206.4560669456067
11,武都,123.27397260273973
11,毕节,131.33333333333334
11,民勤,21.06451612903226
11,永州,181.13636363636363
11,汉中,117.53917050691244
11,汕头,227.77374301675977
11,汕尾,227.23636363636365
11,江城,178.86979166666666
11,沂源,93.45412844036697
11,沅陵,167.3979057591623
11,沈阳,27.1220556745182
11,沙坪坝,165.43375174337518
11,沙田,231.74583333333334
11,沱沱河,-78.0730593607306
11,河南,-27.272251308900522
11,河曲,27.889400921658986
11,河池,209.6605504587156
11,河源,217.24657534246575
11,泊头,87.5852534562212
11,泰山,31.0
11,泰来,-38.968911917098445
11,泸西,154.56842105263158
11,泾河,96.40092165898618
11,流浮山,227.4225941422594
11,济南,112.65942028985508
11,浦城,176.109375
11,海伦,-63.404545454545456
11,海力素,-23.789954337899545
11,海口,244.7351598173516
11,海拉尔,-115.6392694063927
11,海阳,107.22374429223744
11,淖毛湖,7.664921465968586
11,淮安,125.48636363636363
11,深圳,231.11436541143655
11,淳安,167.0275229357798
11,清原,4.340314136125654
11,温江,147.01826484018264
11,湛江,234.34682080924856
11,溧阳,146.16438356164383
11,满都拉气象站,-24.730593607305938
11,漠河,-172.64976958525347
11,漳平,204.3216374269006
11,潍坊,105.17972350230414
11,澜沧,190.35638297872342
11,澳门,228.29149232914924
11,爱辉,-93.7007299270073
11,牡丹江,-25.216589861751153
11,独山,155.74736842105264
11,狮泉河,-36.004672897196265
11,玉树,-19.376744186046512
11,玛多,-86.79908675799086
11,理塘,23.40740740740741
11,琼海,248.25688073394497
11,瑞安,181.8173515981735
11,甘孜,25.1324200913242
11,百色,222.03846153846155
11,皮山,57.89637305699482
11,盐池,23.71232876712329
11,盐湖,98.59447004608295
11,石浦,163.65853658536585
11,福州,199.37709497206703
11,福鼎,186.19634703196348
11,离石,55.68115942028985
11,稻城,30.54193548387097
11,精河,1.5803108808290156
11,绥芬河,-32.8586387434555
11,罗甸,199.04736842105262
11,老河口,125.5662100456621
11,耿马,179.19354838709677
11,腾冲,129.90825688073394
11,色达,-20.705263157894738
11,芜湖县,148.9385474860335
11,芷江,165.3577981651376
11,若尔盖,5.48936170212766
11,荆州,152.5392670157068
11,莎车,52.74885844748859
11,莘县,96.62303664921465
11,营口,49.06392694063927
11,蒙山,201.9157894736842
11,蔚县,20.094240837696336
11,虎林,-30.115183246073297
11,蚌埠,125.92142857142858
11,西乌珠穆沁,-62.25229357798165
11,西华,113.28497409326425
11,西宁,17.799086757990867
11,西峰,48.932642487046635
11,西昌,155.95454545454547
11,贵南,-13.863636363636363
11,贵阳,144.25698324022346
11,费县,109.57738095238095
11,赣县,115.57906712172924
11,赣榆,119.70776255707763
11,赤峰,1.0456621004566211
11,达川,152.08759124087592
11,达日,-40.028985507246375
11,达茂旗气象局,-26.486910994764397
11,连州,193.4157894736842
11,连平,197.72602739726028
11,通河,-48.768181818181816
11,通辽,-3.1
11,通道,167.01052631578946
11,道孚,41.8
11,邢台,86.7741935483871
11,那仁宝力格,-76.46596858638743
11,那坡,187.2
11,那曲,-40.15596330275229
11,邵武,177.12272727272727
11,郑州,106.14783821478382
11,郴州,167.36697247706422
11,都兰,-9.19047619047619
11,鄂托克旗,3.136986301369863
11,酉阳,133.78971962616822
11,酒泉,14.14882226980728
11,钟祥,141.04712041884818
11,钦州,225.651376146789
11,铁干里克,24.228310502283104
11,银川,33.986175115207374
11,锡林浩特,-54.04147465437788
11,长岛,107.01036269430051
11,长岭,-12.155440414507773
11,长春,-22.446927374301676
11,长汀,187.58904109589042
11,长沙,161.44748858447488
11,长洲,221.03333333333333
11,长白,-23.25
11,阆中,151.4840425531915
11,阜阳,128.6605504587156
11,阳城,78.95811518324608
11,阳江,224.5090909090909
11,阿勒泰,-47.401826484018265
11,阿尔山,-107.46575342465754
11,阿巴嘎旗,-63.29680365296804
11,阿拉尔,26.385135135135137
11,陵县,92.51295336787565
11,集宁,-18.901554404145077
11,集安,23.321243523316063
11,霍山,130.39449541284404
11,青岛,108.64525139664805
11,青龙,43.575916230366495
11,韶关,197.97727272727272
11,香港,238.9344490934449
11,马尔康,48.77570093457944
11,马鬃山,-41.694063926940636
11,驻马店,115.87046632124353
11,高坪,148.6559633027523
11,高要,217.8584474885845
11,高雄,258.65646258503403
11,鸡西,-31.09090909090909
11,麦积,74.36269430051813
11,麻城,148.11979166666666
11,黄山,78.45026178010471
11,齐齐哈尔,-47.036866359447004
11,龙口,105.66818181818182
12, 吉安县,78.02834008097166
12,丁青,-36.39330543933055
12,万源,53.09134615384615
12,三穗,57.11057692307692
12,上川岛,152.0772357723577
12,东乌珠穆沁,-203.71544715447155
12,东兴区,75.6150234741784
12,东台,30.63821138211382
12,东方,195.76113360323887
12,东胜,-91.92276422764228
12,中宁,-43.282407407407405
12,丰宁,-109.68837209302326
12,临江,-155.24696356275302
12,临沧,119.41152263374485
12,临河,-93.48178137651821
12,丹东,-78.43724696356276
12,丽水,71.17886178861788
12,丽江,79.01255230125523
12,乌拉特中旗,-126.05284552845528
12,乌鞘岭,-105.39170506912443
12,乐亭,-31.170731707317074
12,九仙山,48.097674418604655
12,九龙,24.430962343096233
12,二连浩特,-172.76978417266187
12,五台山,-130.96296296296296
12,五道梁,-136.88837209302326
12,亳州,24.63821138211382
12,介休,-19.61111111111111
12,伊春,-184.58704453441297
12,会泽,43.259887005649716
12,会理,96.89808917197452
12,佛冈,123.50704225352112
12,保定,-34.48372093023256
12,保山,105.44131455399061
12,信宜,146.77642276422765
12,信阳,42.33739837398374
12,修水,59.23720930232558
12,儋州,172.02032520325204
12,元江,175.37980769230768
12,克山,-193.3644859813084
12,克拉玛依,-157.68421052631578
12,兖州,-0.09302325581395349
12,兴仁,59.46025104602511
12,冷湖,-120.369918699187
12,凤翔,3.5441860465116277
12,前郭,-138.1138211382114
12,勐腊,185.2112676056338
12,化德,-158.98039215686273
12,北京,-37.59228650137741
12,北海,143.71138211382114
12,华家岭,-69.42790697674418
12,华山,-47.902325581395345
12,南京,36.80440771349862
12,南城,66.09302325581395
12,南宁,133.60743801652893
12,南岳,5.2215189873417724
12,南昌,69.58943089430895
12,南阳,27.349593495934958
12,原平,-51.2046511627907
12,厦门,151.27823691460054
12,台中市,156.49171270718233
12,台南,183.7067773167358
12,合作,-86.45333333333333
12,合肥,48.631796283551274
12,吐鲁番,-66.94331983805668
12,吕泗,52.611336032388664
12,呼和浩特,-120.0426997245179
12,呼玛,-233.9308943089431
12,和布克赛尔,-144.47560975609755
12,和田,-34.89430894308943
12,哈密,-91.2834008097166
12,哈尔滨,-150.8825910931174
12,哈巴河,-150.92142857142858
12,唐山,-49.2093023255814
12,喀什,-45.27823691460055
12,四平,-132.9813953488372
12,围场,-134.08837209302325
12,固始,31.08372093023256
12,图里河,-285.6829268292683
12,塔中,-123.5909090909091
12,塔城,-109.51417004048584
12,多伦县,-170.40650406504065
12,大同,-106.56744186046511
12,大理,97.00467289719626
12,大连,-25.771349862258955
12,大陈,91.16194331983806
12,天津,-24.67800212539851
12,太原,-42.33471074380165
12,奉节,90.35348837209303
12,威宁,11.193277310924369
12,嫩江,-200.239837398374
12,孙吴,-195.69767441860466
12,孟津,25.76851851851852
12,安康,48.0
12,安达,-154.4139534883721
12,安阳,7.293023255813954
12,定日,-38.57740585774059
12,定海,74.17813765182186
12,定陶,6.623481781376518
12,宜宾,75.30364372469636
12,宜昌,62.34552845528455
12,宜春,73.17209302325581
12,宝国吐,-100.01860465116279
12,宝山,58.08130081300813
12,宝清,-138.14418604651163
12,宽甸,-109.35813953488372
12,富蕴,-178.98373983739836
12,富锦,-154.82186234817814
12,寻乌,90.63483146067416
12,射阳,24.70198675496689
12,小二沟,-216.81220657276995
12,尚志,-150.56744186046512
12,岳阳,66.81860465116279
12,峨眉山,-53.98557692307692
12,崆峒,-28.777327935222672
12,嵊州,56.19512195121951
12,嵊泗,77.1417004048583
12,巴塘,61.006211180124225
12,巴林左旗,-121.60975609756098
12,巴音布鲁克,-269.6093023255814
12,常德,63.547325102880656
12,平潭,129.47560975609755
12,广南,85.79245283018868
12,广州,102.85261707988981
12,广昌,67.88372093023256
12,庐山,3.855813953488372
12,库尔勒,-88.54878048780488
12,康定,-12.557692307692308
12,延吉,-112.60569105691057
12,张家口,-93.17408906882591
12,张掖,-96.39271255060729
12,彰武,-91.9430894308943
12,徐家汇,64.00826446280992
12,徐州,15.076923076923077
12,德格,-14.701421800947868
12,德钦,1.437246963562753
12,怀来,-67.7175925925926
12,思南,66.52631578947368
12,思茅,148.52674897119343
12,恩施,68.20576131687243
12,惠民,-18.153488372093022
12,成山头,11.097560975609756
12,房县,38.34418604651163
12,扎鲁特,-115.01626016260163
12,打鼓岭,138.69635627530366
12,承德,-88.48987854251013
12,敦化,-140.0139534883721
12,新巴尔虎右旗,-196.65447154471545
12,日照,13.991869918699187
12,昆明,87.02341597796143
12,昌都,-3.288702928870293
12,昭通,25.11737089201878
12,景德镇,62.842465753424655
12,曲麻莱,-102.73023255813953
12,朝阳,-80.2638036809816
12,本溪,-93.34418604651162
12,杂多,-67.34545454545454
12,杭州,59.14325068870524
12,松山,163.76891334250345
12,松潘,-30.11737089201878
12,林芝,47.39748953974895
12,林西县,-139.36279069767443
12,枣阳,46.83255813953488
12,柳州,100.88732394366197
12,格尔木,-76.72244897959183
12,桂林,95.37741046831955
12,桃园,162.36914600550963
12,桑植,65.28372093023256
12,桦甸,-149.59259259259258
12,梅县,116.02032520325203
12,梧州,120.47560975609755
12,榆中,-71.1260162601626
12,榆林,-70.68825910931174
12,榆社,-53.93269230769231
12,榕江,94.61971830985915
12,横栏岛,160.2914979757085
12,武夷山,86.35813953488372
12,武汉,139.03443526170798
12,武都,38.15384615384615
12,毕节,33.54106280193237
12,民勤,-66.02024291497976
12,永州,74.47368421052632
12,汉中,42.064777327935225
12,汕头,152.37603305785123
12,汕尾,152.6153846153846
12,江城,138.1767441860465
12,沂源,-11.773279352226721
12,沅陵,72.85581395348837
12,沈阳,-101.5097636176773
12,沙坪坝,85.15702479338843
12,沙田,154.6315789473684
12,沱沱河,-131.260162601626
12,河南,-106.09345794392523
12,河曲,-88.78947368421052
12,河池,120.73662551440329
12,河源,122.37246963562752
12,泊头,-17.700404858299596
12,泰山,-74.90123456790124
12,泰来,-152.0279069767442
12,泸西,82.54929577464789
12,泾河,21.234817813765183
12,流浮山,148.30769230769232
12,济南,4.885135135135135
12,浦城,68.91627906976744
12,海伦,-197.67073170731706
12,海力素,-140.6260162601626
12,海口,177.54065040650406
12,海拉尔,-240.40243902439025
12,海阳,-1.4251012145748987
12,淖毛湖,-99.11111111111111
12,淮安,20.65991902834008
12,深圳,151.53994490358127
12,淳安,61.959349593495936
12,清原,-138.14418604651163
12,温江,66.8089430894309
12,湛江,156.54228855721394
12,溧阳,42.959349593495936
12,满都拉气象站,-138.04471544715446
12,漠河,-265.97165991902835
12,漳平,117.63054187192118
12,潍坊,-6.352226720647773
12,澜沧,165.4471153846154
12,澳门,152.77548209366392
12,爱辉,-200.9527027027027
12,牡丹江,-134.59514170040487
12,独山,61.68075117370892
12,狮泉河,-72.4142259414226
12,玉树,-65.86234817813765
12,玛多,-138.52032520325204
12,理塘,-16.927884615384617
12,琼海,185.66260162601625
12,瑞安,98.76016260162602
12,甘孜,-25.352459016393443
12,百色,138.1315789473684
12,皮山,-51.25116279069768
12,盐池,-70.09756097560975
12,盐湖,-2.727642276422764
12,石浦,73.82222222222222
12,福州,124.81267217630854
12,福鼎,105.26422764227642
12,离石,-52.57857142857143
12,稻城,-10.296511627906977
12,精河,-152.68372093023257
12,绥芬河,-141.51162790697674
12,罗甸,116.42990654205607
12,老河口,35.800813008130085
12,耿马,146.49704142011834
12,腾冲,98.60082304526749
12,色达,-76.70283018867924
12,芜湖县,44.36619718309859
12,芷江,69.16872427983539
12,若尔盖,-55.09615384615385
12,荆州,60.334883720930236
12,莎车,-55.089795918367344
12,莘县,-7.550925925925926
12,营口,-64.57894736842105
12,蒙山,102.84976525821597
12,蔚县,-93.69444444444444
12,虎林,-137.93023255813952
12,蚌埠,26.794701986754966
12,西乌珠穆沁,-191.84146341463415
12,西华,20.232558139534884
12,西宁,-64.17004048582996
12,西峰,-18.809302325581395
12,西昌,96.62753036437248
12,贵南,-97.39430894308943
12,贵阳,52.17906336088154
12,费县,7.842931937172775
12,赣县,5.1199586349534645
12,赣榆,9.512195121951219
12,赤峰,-103.04453441295547
12,达川,77.01438848920863
12,达日,-92.64473684210526
12,达茂旗气象局,-134.73611111111111
12,连州,93.81220657276995
12,连平,100.26422764227642
12,通河,-177.6951219512195
12,通辽,-110.26829268292683
12,通道,68.37089201877934
12,道孚,-4.177570093457944
12,邢台,1.51417004048583
12,那仁宝力格,-205.1906976744186
12,那坡,101.46478873239437
12,那曲,-89.18595041322314
12,邵武,74.5506072874494
12,郑州,20.876033057851238
12,郴州,57.88065843621399
12,都兰,-85.67625899280576
12,鄂托克旗,-100.28861788617886
12,酉阳,47.72384937238494
12,酒泉,-83.87564234326824
12,钟祥,52.334883720930236
12,钦州,138.3658536585366
12,铁干里克,-81.79268292682927
12,银川,-54.59514170040486
12,锡林浩特,-188.90283400809716
12,长岛,9.413953488372092
12,长岭,-126.88837209302325
12,长春,-142.56758620689655
12,长汀,80.95934959349593
12,长沙,61.60162601626016
12,长洲,153.2995951417004
12,长白,-177.48837209302326
12,阆中,76.41346153846153
12,阜阳,26.921810699588477
12,阳城,-8.925925925925926
12,阳江,150.48582995951418
12,阿勒泰,-168.56275303643724
12,阿尔山,-238.5609756097561
12,阿巴嘎旗,-203.64634146341464
12,阿拉尔,-76.17391304347827
12,陵县,-20.953488372093023
12,集宁,-129.2325581395349
12,集安,-114.56279069767442
12,霍山,30.983539094650205
12,青岛,-2.6418732782369148
12,青龙,-68.63425925925925
12,韶关,103.15789473684211
12,香港,161.85674931129478
12,马尔康,-3.5397489539748954
12,马鬃山,-114.6178861788618
12,驻马店,26.065116279069766
12,高坪,73.23045267489712
12,高要,136.21544715447155
12,高雄,207.37510584250634
12,鸡西,-135.9919028340081
12,麦积,-5.572093023255814
12,麻城,49.181395348837206
12,黄山,-24.813953488372093
12,齐齐哈尔,-163.06072874493927
12,龙口,-0.5447154471544715
